Stop,Ridership
Provo Central Station,1376
U South Campus Station,1249
West Valley Central Station,1209
BYU South Campus Station,1102
Murray Central Station,1071
UVU Station,938
Millcreek Station,898
Orem Central Station,881
Weber State Central Station,819
University Place Station,818
Ogden Central Station,739
Dee Events Center Station,733
U Kennecott Building,631
BYU North Campus Station,572
Stadium Station,545
U Union Building,528
Salt Lake Central Station,513
2230 North Station,509
North Temple Station,499
Midvale Fort Union Station,463
Joaquin Station,461
Academy Square Station,435
Brighton Resort,433
Solitude Moonbeam Lodge,423
Fashion Place West Station,406
Center Street Station,377
Central Pointe Station,372
BYU Stadium Station,344
400 S / Redwood Rd,342
3500 S / Redwood Rd,340
Washington Blvd / 25th St,322
West Jordan City Center Stn,317
200 S / Main St,312
University Hospital,300
U Presidents' Circle,291
Redwood Rd / North Temple,290
SLCC Transit Center,288
U Medical Center Station,286
Historic Sandy Station,285
Olympus Cove P+R,285
Highland Dr / 9400 S P+R,284
Clearfield Station,281
Wasatch Blvd / 6200 S P+R,272
Goldminer's Daughter Lodge,265
Lehi Station,264
Redwood Rd / 3500 S,263
Washington Blvd Station,258
Iron Blosam,254
300 North Station,253
State St / 50 S,252
Snowbasin,244
1940. W North Temple Station,240
Redwood Rd / Redwood Junction Stati,237
3500 S / 8400 W,235
U Social Work Building,234
200 S / State St,226
Main Street Station,226
State St / 400 S,199
Redwood Rd / 5600 S,195
3300 S / 1000 W,189
North Temple / 300 W,189
Redwood Rd / 400 S,184
State St / 150 S,183
Wall Ave @ 1725 S,182
900 S / 1300 E,181
Monroe Blvd Station,172
Redwood Rd / 4100 S,167
Meadowbrook Station,164
Redwood Rd / 1700 S,162
UVU Fulton Library,160
Orange St Transit Center,158
Foothill Dr / Wakara Way,157
3500 S / 5600 W,155
200 S / 600 W,153
Lakeview Station,151
U Warnock Engineering Building,150
Layton Station,150
3900 S @ 71 W,148
200 S / 900 E,147
200 S / 500 E,146
North Temple / 850 W,142
24th St / Grant Ave,142
4100 S @ 1661 W,138
400 South Station,137
Murray North Station,136
32nd Street Station,136
Jefferson Avenue Station,136
3500 S / 4000 W,135
Washington Blvd / 27th St,134
Layton Hills Mall,134
900 S / 900 E,132
300 W / North Temple,130
Redwood Rd / 700 N,130
200 S / 400 E,123
3300 S / 900 E,123
200 S / 1100 E,122
Redwood Rd / Bruin Blvd,122
28th Street Station,121
2100 S / 1700 E,118
900 E / 3300 S,117
500 E / 400 S,115
900 E / 2100 S,115
200 S / 300 E,114
Wall Ave / 36th St,113
Foothill Dr / Sunnyside Ave,111
Big Cottonwood Canyon P+R (Up),111
California Ave / 900 W,110
Washington Blvd / 12th St,109
200 S / 700 E,108
North Temple / 600 W,107
3500 S / 7200 W,106
900 W / 3600 S,105
2100 S / 500 E,105
Kiesel Avenue Station,105
3900 S @ 1085 E,104
University Ave / 900 S,104
3300 S / State,103
200 S / 600 E,103
Redwood Rd / 5400 S,102
Jordan Valley Station,101
Midvale Center Station,99
25th & Harrison Station,99
State St @ 3285 S,98
Redwood Rd / 7000 S,94
California Ave / Concord St,93
U Museum of Fine Arts,92
UVU Station (Adjacent bus stop WB),91
300 W / 300 N,90
300 W / 500 N,89
North Temple / State St,89
Washington Blvd / 28th St,88
Mario Capecchi / South Campus,87
200 S / 1300 E,86
State St / 700,86
6200 S / 5700 W,85
Creekside (Down),84
3500 S / 3600 W (Curbside WB),84
900 E / 900 S,84
State St / 300 S,84
3300 S / 500 E,84
36th Street Station,83
900 S / 200 E,82
McKay-Dee Hospital Station,82
Wildcat Village Station,82
Washington Blvd / 32nd St,80
900 E / 4500 S,80
200 S / 1000 E,79
Washington Blvd / 23rd St,79
1000 N / Redwood Rd,79
300 W / 1300 S,79
3500 S / 4800 W,78
3500 S / 3600 W (Curbside EB),78
900 W / 800 N,78
State St / Riverside Ave,78
3500 S / 8000 W,77
State St / 800 N,76
200 S / 300 W,76
Washington Blvd / 2500 N,76
200 S / 200 E,76
3900 S @ 661 W,75
200 S / West Temple,75
Navajo St / Indiana Ave,75
Services for the Blind and Visually ,74
900 E / 450 N,74
South Temple / 300 E / B St,73
900 S / 500 E,72
Weber State McKay Building (Stop B),72
Redwood Rd / California Ave,72
State St @ 2085 S,71
2100 S / 900 E,71
State St / 1600 N,71
900 S / State St,71
Ogden Canyon P+R,71
900 E / 3900 S,70
Sundance Mountain Resort,70
Redwood Rd / 500 N,70
State St / 250 S,68
Chambers St / Glasmann Way,68
1000 N / 1400 W,68
South Temple / 1100 E / Q St,68
2100 S / State St,68
South Temple / 500 E / F St,68
State St / Orem Center St,67
South Jordan Station,66
South Temple / 900 E / M St,66
400 S / Cheyenne St,66
3500 S / 3450 W,66
5400 S / 4015 W,66
Washington Blvd / 36th St,65
2100 S / 1300 E,65
South Temple / 700 E / J St,64
State St @ 3884 S,64
UVU Gunther Building,63
Redwood Rd / Parkway Blvd,63
500 E / 3300 S,63
Redwood Rd / 3400 S,63
2100 E / Hollywood Ave,62
State St @ 2154 S,62
500 E / 500 S,61
500 E / 2100 S,60
900 E / 5600 S,60
400 S / 400 E,60
South Temple / 400 E / C St,60
5400 S / Redwood Rd,60
Ogden-Weber Technical College,59
Winchester St / State St,59
North Temple / 200 W,57
State St @ 720 S,57
Redwood Rd / 5225 S,57
3300 S / 1200 W,57
Powder Mountain,56
North Temple / 1550 W,56
900 E / 4750 S,56
400 S / Rio Grande St,56
STATE ST @ 1498 S,56
Winchester/Fashion Place Mall,55
UVU Station (Adjacent bus stop EB),55
Washington Blvd / 20th St,55
300 S / State St,55
Wolverine Crossing,55
Meadowbrook Expwy @ 720 W,54
South Payson P+R,54
Riverdale Rd @ 895 W,54
State St @ 4489 S,54
900 E / 4650 S,53
900 E / Sugarmont Dr and Stn,52
Redwood Rd / 4150 S,52
400 S @ 409 W,51
100 N @ 873 W,51
Vineyard Station,51
North Temple / 400 W,51
900 S / 1100 E,51
State St @ 910 S,51
Washington Blvd / 2nd St,50
State St @ 1601 S,50
Highland Dr / 2100 S,49
900 W / 700 N,48
Weber State Davis (Layton),48
State St / Center St,48
Palisade Park P+R,48
South Weber P+R,48
200 S / 800 E,48
State St @ 3330 S,47
State St / University Pkwy,47
3300 S / 300 E,47
2100 S / 700 E,47
Gentile St @ 51 E,47
3900 S @ 887 E,47
3300 S / 2300 E,47
Creekside (Up),47
500 S / VA Hospital,46
Main St / 150 S,46
2100 E / 1300 S,46
Antelope Drive P+R,46
3600 W / 3500 S,45
State St @ 1730 S,45
2100 E / 2100 S,45
Washington Blvd / 31st St,45
500 E / 3900 S,45
900 E / 5500 S,45
University Ave / 450 S,44
State St @ 1495 S,44
4000 W @ 4605 S,44
Redwood Rd / 4000 S,44
Washington Blvd / 29th St,44
Main St @ 688 N    (Layton),44
State St / Grandview Ln,44
100 S / University St,44
Weber State McKay Building (Stop A),44
State St / Cougar Blvd,43
600 N / 1200 W,43
3500 S / 3200 W,43
3900 S @ 1275 E,43
State St / 900 W,43
Main St @ 723 N,42
300 S / 600 E,42
Brighton Store (Down),42
State St @ 3635 S,42
3900 S @ 2355 E,42
500 W / 500 N,42
5400 S / Warrior Way,42
900 E / 300 S,42
5400 S / 4220 W,42
900 S / 300 E,42
Komas Dr @ 542 S,41
3900 S @ 505 E,41
3300 S / Highland Dr,41
3600 W / 2150 S,41
500 E / 3700 S,41
4000 W @ 3540 S,40
South Salt Lake City Station,40
State St / 400 N,40
Redwood Rd / 1900 S,40
900 S / 400 E,40
500 E / 900 S,40
1000 N / 900 W,40
California Ave / Emery St,40
Farmington Station,40
South Temple / 1300 E / T St,40
Redwood Rd / 6200 S,39
3500 S / Decker Lake Dr,39
Wall Ave @ 1987 S,39
Redwood Rd / 500 S,39
Redwood Rd / 1100 S,38
500 E / 4500 S,38
500 E / 600 S,38
State St / North County Blvd,38
Redwood Rd / Indiana Ave,38
Washington Blvd / 700 N,38
WASHINGTON BLVD @ 24TH ST,38
Foothill Dr @ 2245 S,38
3300 S / State St,37
900 W / 400 S,37
Towne Centre Blvd Station,37
4500 S / State St,37
Pennsylvania Ave / 26th St,37
Redwood Rd / 7800 S,37
700 N @ 75 E    (Brigham City),36
University Ave / Paul Ream Ave,36
Draper Town Center Station,36
Little Cottonwood Rd @ 3142 E(P&R),36
5400 S / 5600 W,36
Northstar Dr / Redwood Rd,35
4015 W @ 5345 S,35
1700 S / Redwood Rd,35
1820 S / Bangerter Hwy,35
Big Cottonwood Canyon P+R (Down),35
900 E / 800 S,35
Fort Union Blvd @ 885 E,35
3300 S / 1100 W,34
1940 W North Temple St,34
900 S / 600 E,34
Redwood Rd / 3860 S,34
State St / 800 S,34
3300 S @ 1 E,34
Chipeta Way / Colorow Way,34
State St @ 820 S,34
Powder Mtn Sundown Lodge (Down),34
Washington Blvd / 26th St,34
500 E / 4100 S,34
900 S / 700 E,34
700 N / Redwood Rd,34
Redwood Rd / 3100 S,34
Fort Union Blvd @ 2018 E,33
University Ave / Towne Centre,33
400 S / 500 E,33
State St / 200 S,33
3500 S / 6400 W,33
State St @ 4801 S,33
900 S / 800 E,33
3100 S / 8620 W,33
200 E @ 111 S,33
3300 S / 2000 E,33
State St / 600 N,33
500 E / 1300 S,33
State St @ 2705 S,33
900 W / California Ave,33
3900 S @ 1567 E,33
Meadowbrook Expwy @ 1285 W,32
University Pkwy @ 1255 W,32
Redwood Rd / 4600 S,32
Kaysville P+R,32
100 N / University Ave,32
3300 S / Metropolitan Way,32
3900 S @ 301 E,32
State St @ 2979 S,32
3500 S / Pioneer Pkwy,32
State St @ 510 S,32
Washington Blvd / 22nd St,32
South Temple / L St,32
900 E / 500 S,32
2100 S / 200 E,32
4500 S @ 877 E,32
900 E / South Temple,31
Winchester St / 900 E,31
Washington Blvd / 300 N,31
900 W / 600 N,31
1300 E @ 896 S,31
900 E / 2700 S,31
Washington Blvd / 34th St,31
State St / 1600 S,31
2100 S / 300 E,31
500 W / 800 N,31
3900 S @ 85 E,31
1900 W / 5600 S,31
4700 S @ 1685 W,31
State St @ 1285 S,31
University Ave / 300 S,31
2100 S / 1100 E,30
Washington Blvd / 7th St,30
Redwood Rd. / 4800 S,30
3300 S @ 225 E,30
800 S / State St,30
Center St / State St,30
Redwood Rd / 2320 S,30
Murray Holladay Rd @ 1725 E,30
2100 S / 1200 E,30
Redwood Rd / 1800 S,30
900 W / 900 N,30
Magna Library,30
Freedom Blvd / 1800 N,30
500 E / 300 S,30
1000 N / Jordan River Pkwy,30
Snowbird Center,30
University Ave / Cougar Blvd,30
1200 W / 700 S,30
900 E / 1700 S,30
3500 W / 5500 S,29
900 E / 1300 S,29
E St / 3rd Ave,29
900 E / Hollywood Ave,29
Redwood Road / 4600 S,29
Main St / 100 E,29
900 W / 800 S,29
9th Ave / LDS Hospital,29
900 E / 700 S,29
900 E / 200 S,29
3300 S / 700 E,29
Washington Blvd / 2400 N,29
3500 S / Montclair St,29
Navajo St / Glendale Dr,29
400 S / Navajo St,29
State St / 1850 N,29
Washington Blvd / Cross St,29
900 W / 200 N,29
Navajo St / Arapahoe Ave,29
State St / 500 N,28
State St @ 5223 S,28
Us Hwy 89 @ 16 S   (N. Salt Lake),28
500 E / 1700 S,28
3300 S / Valley St,28
900 S / 1000 E,28
1000 N / American Beauty Dr,28
Wakara Way / Komas Dr,28
900 E / 3600 S,28
Ashton Blvd / Triumph Blvd,28
Fort Union Blvd @ 32 E,28
500 E / S-Line,27
3030 W / 3500 S,27
700 W / Carlisle St,27
500 W 180 N,27
Redwood Rd / 2100 S,27
E St / South Temple,27
State St / 700 E,27
500 S @ 1090 E,27
3500 S / 1950 W,27
2230 N / 350 W,27
1460 W / North Temple,27
UVU McKay Education Building,27
State St @ 2775 S,27
5400 S / 3200 W,26
State St @ 1280 S,26
State St / Lehi Main St,26
West Temple & South Temple,26
700 N / 600 E,26
3500 S / 4400 W,26
Center St / Orem Blvd,26
1300 E @ 673 S,26
North Campus / Federal Heights,26
University Ave / 960 N,26
Washington Blvd / 40th St,26
University Ave / 100 S,26
State St / 1200 N,26
500 W / 940 N,26
3900 S @ 510 E,26
Northstar Dr / Cornell St,25
4500 S / Atwood Blvd,25
500 E @ 378 S ,25
Guardsman Way / 600 S,25
Washington Blvd / 30th St,25
Adams Avenue @ 2241 S    (Ogden),25
Highland Dr @ 3330 S,25
2100 E / Bryan Ave,25
Geneva Rd / 800 S,25
3300 S @ 1 W,25
200 E @ 190 S,25
State St / 700 S,25
State Capitol east entrance,25
2100 S / 1900 E,24
North Temple St / Redwood Rd,24
Redwood Rd / 3750 S,24
Navajo St / 1000 S,24
900 E / 3800 S,24
3300 S @ 198 E,24
1300 E @ 875 S,24
Redwood Rd / 200 N,24
Redwood Rd / 4700 S,24
Washington Blvd / 150 N,24
Highland Dr @ 7050 S,24
State St @ 2712 S,24
Riverdale Rd @ 4066 S   (Riverdale),24
3900 S @ 110 E,24
Cabela's Blvd / Outlet Pkwy,24
Redwood Rd / 300 N,24
Atherton Dr @ 834 W,23
Redwood Rd / 800 N,23
400 S @ 350 E,23
Weber State Lind Hall (Stop D),23
Main St @ 451 S,23
900 E / 5400 S,23
Main St @ 1338 S,23
9000 S @ 810 E,23
State St @ 3063 S,23
900 E / Winchester St,23
Harold Gatty Dr @ 5575 W,23
State St / 100 E,23
100 N / 300 W,23
3600 W / 3100 S,23
Mill Rd / Center St,23
2100 E / Laird Ave,23
Fort Union Blvd @ 1991 E,23
980 W @ 919 N ,23
Main St @ 2065 N    (Layton),23
State St @ 777 S,23
State St @ 3980 S,23
200 E / 150 S,23
Main St @ 243 N    (Centerville),22
Meadowbrook Expwy @ 831 W,22
Navajo St / 500 S,22
Freedom Blvd / Paul Ream Ave,22
1720 N / 550 W,22
1720 N / State St,22
State St / 300 W,22
900 W / 500 N,22
1300 E @ 5755 S,22
Center St @ 46 E,22
5350 S / 400 E,22
State St / Pacific Dr.,22
2100 E / St. Mary's Dr,22
Winchester St / 300 E,22
400 W / 300 S,22
5400 S / 5160 W,22
Us Hwy. 89 @ 1062 N,22
Weber State Lind Hall (Stop C),22
500 E / 800 S,22
Magna Post Office,22
State St @ 857 S,22
600 N / 900 W,22
Cottonwood Corporate Center,22
1900 W @ 5372 S  (Roy),22
1200 W @ 759 N,22
State St @ 3094 S,22
Redwood Rd / 1500 S,22
900 W / 400 N,22
Meadowbrook Expwy. @ 1320 W,22
1300 S / 700 W,21
5400 S / Hew Wood Dr,21
1600 N @ 526 W,21
Highland Dr / Simpson Ave,21
University Ave / 1000 S,21
State St @ 45 E,21
Highland Dr @ 7069 S,21
3900 S @ 298 E,21
Fruit Heights P+R,21
State St / 100 N,21
Main St. @ 459 S (Bountiful),21
1300 E @ 3315 S,20
Main St @ 529 S,20
North Temple / Main St,20
3900 S @ 401 E,20
6200 S @ 3709 W,20
1300 W / Wasatch Ave,20
Foothill Dr @ 1707 S,20
E St / 5th Ave,20
900 W / 300 N,20
Main St @ 1040 N,20
Expressway Ln @ 940 E,20
Atherton Dr @ 4435 S,20
State St / 500 E,20
Washington Blvd / 37th St,20
Foothill Dr @ 1527 S,20
800 W / 700 S,20
5400 S / 4620 W,20
900 W / 3400 S,20
5400 S / 3600 W,20
900 E / Eastgate Rd,20
Center St / 600 W,20
C St / 8th Ave,20
State St @ 22 S,20
Washington Blvd / 24th St,20
4700 S @ 2691 W,19
Highland Dr @ 3233 S,19
1000 N / 1200 W,19
900 W / 1650 S,19
2100 S / Main St,19
4800 West Station,19
200 S / Rio Grande St,19
4500 S @ 930 E,19
3500 S / Callao Dr,19
Lincoln Ave btwn 24th & 25th,19
State St / 1300 W,19
Washington Blvd / 17th St,19
1900 W @ 5570 S    (Roy),19
Pleasant Grove Center St / State St,19
3500 S / 4300 W,19
300 W / River Park Dr,19
4700 S @ 3587 W,19
900 E / Charlton Cir,19
Foothill Dr @ 1325 S,19
State St / California Ave,19
1200 W / 600 S,19
Lodestone Ave / Copper City Dr,19
500 W / Cougar Blvd,19
Fort Union Blvd @ 985 E,18
3500 S / 1500 W,18
State St @ 1925 S,18
Carlisle St / 700 W,18
Bruin Blvd @ 2101 W,18
3600 W / Parkway Blvd,18
State St / 2000 N,18
Main St @ 301 N,18
Redwood Rd / 4075 S,18
State St @ 604 S,18
400 S @ 918 W,18
Eden Powder Mountain Shuttle P+R,18
500 E / 2700 S,18
Foothill Dr @ 2135 S,18
600 N / 1400 W,17
1300 S / 400 W,17
Highland Dr @ 9265 S,17
Oak Hills P+R,17
Washington Blvd / 15th St,17
State St / Main St,17
900 E / Browning Ave,17
900 E / Hillview Dr,17
Benson Grist Mill P+R,17
State St @ 1050 S,17
5400 S / 4420 W,17
State St @ 1791 S,17
500 E / Herbert Ave,17
Redwood Rd @ 10341 S,17
Fort Union Blvd @ 1338 E,17
Main St @ 350 N,17
Main St @ 518 S (Bountiful),17
500 E / 700 S,17
North Temple / 150 W,17
300 W / 400 N,17
900 S / Main St,17
1300 E @ 3310 S,17
Washington Blvd / 21st St,16
5400 S / Cougar Ln,16
Riverdale Rd @ 880 W,16
Redwood Rd / 3300 S,16
Main St @ 2030 N   (Layton),16
1700 S / Wallace Rd,16
State St @ 1912 S,16
E St / 6th Ave,16
900 S / Richards St,16
Washington Blvd / 33rd St,16
400 S / 700 E,16
3900 S @ 677 E,16
State St / 2300 S,16
Winchester St / 700 E,16
4700 S @ 4855 W,16
Gentile St @ 357 E    (Layton),16
2100 E / Wilson Ave,16
Wall Ave @ 457 N,16
3100 S / 9100 W,16
3200 W / North Frontage Rd,16
800 E / 700 N,16
East Bay South Station,16
Redwood Rd / 3650 S,16
Main St @ 1 S    (Bountiful),16
Highland Dr @ 7817 S,15
550 W / University Pkwy,15
4500 S @ 534 W,15
Atherton Dr @ 833 W,15
Main St @ 2331 N,15
900 E / 600 S,15
Main St @ 30 N,15
Grandview Ln / State St,15
Atherton Dr @ 1020 W,15
5305 S @ 1900 W,15
1300 E @ 401 S,15
State St @ 4035 S,15
3400 S / 1400 W,15
Columbus Center,15
100 N @ 40 E,15
500 E / Ramona Ave,15
900 E / Center St,15
State St / 2900 S,15
Highland Dr @ 4830 S,15
2100 S / West Temple,15
4000 W @ 4600 S,15
State St @ 5131 S,15
Center St / 400 E,15
Washington Blvd / 38th St,15
Glendale Dr / 1300 S,15
6200 S @ 3809 W,15
2100 S / 1500 E,15
Riverdale Rd @ 1125 W,15
Center St / 1200 W,15
900 W / 600 S,15
1300 E @ 5665 S,15
3900 S @ 1167 E,15
State St / 400 E,15
3900 S @ 910 E,15
Dixon Dr @ 3905 S,15
12Th Street @ 425 E   (Ogden),15
700 N / 200 E,14
Us Hwy 89 @ 15 S   (N. Salt Lake),14
Redwood Rd / 2700 S,14
Harrison Blvd @ 5650 S   (S. Ogden),14
State St / 1400 N,14
3100 S / 8800 W,14
Murray Blvd @ 4948 S,14
Main St @ 1380 N,14
State St @ 700 E,14
3650 S / 3100 W,14
5400 S / 2200 W,14
State St @ 595 S,14
2100 E / 1700 S,14
State St @ 3451 S,14
1000 N / 1300 W,14
1100 E / 1700 S,14
4015 W @ 4746 S,14
Main St @ 1 N    (Bountiful),14
4700 S @ 1531 W,14
Highland Dr @ 3910 S,14
Washington Blvd / 35th St,14
Magna Main St / 9040 W,14
Main St / 1400 N,14
900 E / 100 S,14
Main St @ 420 N,14
State St @ 2968 S,14
Washington Blvd / 900 N,14
1300 E @ 2078 S,14
1200 W @ 1063 S,14
Copper City Dr / Borax Ave,14
800 E / 1169 S,14
2100 S / 1600 W,13
1100 E / Harrison Ave,13
500 E / Kensington Ave,13
700 S / 800 W,13
5400 S / 5425 W,13
1100 E / Kensington Ave,13
Robins Dr @ 2122 N,13
Atherton Dr @ 4540 S,13
900 E / Bryan Ave,13
900 E / College St,13
Fort Union Blvd @ 910 E,13
Main St @ 1083 S  (Centerville),13
Highland Dr @ 6827 S,13
900 E / 4400 S,13
Presidents Dr / 2270 S,13
1300 E @ 6845 S,13
Mario Capecchi Dr / 1900 E,13
Roy Station,13
2100 S / 1500 W,13
Riverdale Rd @ 3535 S,13
3300 S @ 1225 E,13
36Th St @ 370 E,13
4000 W @ 4537 S,13
State St @ 3620 S,13
3500 S / 5200 W,13
State St @ 5905 S,13
Robins Dr @ 2121 N,13
500 S @ 1115 E,13
State St / 200 N,13
3600 W / 3650 S,13
500 E / Downington Ave,13
South Pointe Dr / 5250 S,13
1100 E / 900 S,13
Highland Dr / 2700 S,13
3rd Ave / I St,13
Riverdale Rd @ 4067 S,13
M St / 3rd Ave,13
500 E / Sunset Ave,13
24th St / F Ave,13
South Temple / 900 E / N St,13
900 E / Kingsmill Ln,12
1300 E @ 525 S,12
3500 S / 6000 W,12
University Pkwy / 2230 N,12
State St @ 2473 S,12
500 E / 4050 S,12
State St / Pleasant Grove Center St,12
Main St @ 570 N,12
Pennsylvania Ave / 3200 S,12
1700 S / Industrial Rd,12
Redwood Rd / 8000 S,12
1300 E @ 698 S,12
3500 S / 8150 W,12
500 W @ 358 N,12
Main St @ 649 N,12
Washington Blvd / 4th St,12
Murray Blvd / 5400 S,12
Wall Ave @ 3920 S    (S. Ogden),12
900 E / 150 S,12
Highland Dr @ 4745 S,12
1300 E @ 480 S,12
UT-36 @ 2400 N (Tooele Park & Ride),12
State St @ 3434 S,12
River Park Dr / Edgewood Dr,12
500 E / Lambourne Ave,12
Centennial Pkwy @ 10255 S,12
Main St @ 799 N,12
3900 S @ 3335 E,12
Expressway Lane @ 945 E,12
1300 E @ 3946 S,12
3650 S / 3400 W,12
State St @ 2510 S,12
900 E / Parkway Ave,12
Wakara Way / Arapeen Dr,12
Washington Blvd / Park Blvd,12
900 S / 1400 E,12
400 S / 765 W,12
Cougar Ln @ 6221 S,12
1100 E / Ramona Ave,12
Highland Dr @ 6271 S,12
Riverdale Rd @ 4191 S,12
100 N / 500 W,12
State St / 1851 S,12
3500 S / 6800 W,12
3300 S @ 2201 E,12
1300 E @ 544 S,12
500 W @ 4558 S,12
4700 S @ 4505 W,12
1100 S @ 305 W,12
Jordan Landing Blvd @ 7181 S,12
3900 S @ 30 E,11
Redwood Rd / Sunset Ave,11
5400 S / 2700 W,11
4015 W @ 5470 S,11
900 S / 1500 E,11
Riverdale Rd @ 1078 W,11
Wakara Way / Chipeta Way,11
500 W @ 2554 S,11
Main St @ 1820 S,11
State St @ 1120 S,11
4500 S @ 1285 E,11
900 E / 4125 S,11
300 W / 1100 S,11
Highland Dr @ 4175 S,11
State Rd / 1300 W,11
Main St @ 598 N,11
3500 S / Chatterleigh Rd,11
Murray Holladay Rd @ 2225 E,11
State St @ 4540 S,11
500 E / Cleveland Ave,11
5400 S / Morning Breeze Dr,11
3500 S / Centennial Rd,11
Main St @ 1851 N  (Sunset),11
4000 W @ 4359 S,11
9th Ave / L St,11
3300 S / Melbourne St / Honeycut Rd,11
Main St @ 1550 N   (Bountiful),11
Washington Blvd / Canfield Dr,11
600 N / 1300 W,11
Main St @ 1548 S,11
500 W / 1050 N,11
3500 S / Royal Scott Dr,11
1300 E @ 1969 S,11
West Temple / South Temple,11
Mario Capecchi / Research Rd,11
Main St @ 708 N,11
State St / 700 N,11
State St @ 2810 S,11
State St / 1st Ave,11
3300 S @ 801 E,11
Sugar Factory Road Station,11
Main St @ 291 N,11
300 W / Paxton Ave,11
Redwood Rd / 6900 S,11
5600 W @ 4238 S,11
3000 E @ 6531 S,11
1300 E @ 2705 S,11
Main St @ 195 S,10
3500 S / Lilloet St,10
1600 N @ 460 W,10
Wakara Way / 400 S,10
Freedom Blvd / Cougar Blvd,10
Meadowbrook Expwy @ 950 W,10
State St @ 5270 S,10
Main St / Vineyard Loop Rd,10
State St / 600 S,10
Us Hwy 89 @ 2604 S,10
3500 S / 3900 W,10
Highland Dr @ 7411 S,10
State St / 1700 S,10
Freedom Blvd / 1550 N,10
Jordan Landing Blvd. @ 7586 S,10
2230 N / Freedom Blvd,10
5600 W / 4100 S,10
State St / 300 E,10
Highland Dr @ 4435 S,10
Redwood Rd / Sunrise Pl,10
California Ave / 1000 W,10
M St / 6th Ave,10
500 E / Wendell Dr,10
Washington Blvd / 14th St,10
2000 W / 1800 N,10
Pioneer Rd / 1700 S,10
4715 S @ 4137 W,10
400 S @ 902 W,10
Guardsman Way / Sunnyside Ave,10
Main St @ 450 N,10
4500 S @ 685 E,10
Main St @ 1580 N,10
Layton IHC Hospital,10
Gentile St @ 394 E ,10
Main St @ 364 N,10
1300 E @ 3179 S,10
4500 S @ 530 E,10
East Bay North Station,10
3300 S / 1100 E,10
Constitution Blvd @ 3662 S,10
Orchard Dr @ 2260 S,10
100 N @ 1020 E,10
300 W / 100 S,10
200 E / South Temple,10
400 S / Concord St,10
200 N / 400 W,10
Sandhill Rd / 1300 S,10
Murray Blvd / Allendale Dr,10
800 E / 1000 S,10
State St / 1000 N,10
2200 W @ 4130 S,10
1900 W @ 4410 S,10
Highland Dr @ 8887 S,10
12Th St @ 320 E,10
300 W / 200 S,10
Fort Union Blvd @ 720 E,10
900 E / Vine St south,10
900 W / 2000 S,10
1300 E @ 1633 S,10
900 E / 3700 S,10
Freedom Blvd / 100 S,10
3300 S @ 615 E,10
Freedom Blvd / 800 N,10
State St @ 1385 S,10
600 N / 1000 W,9
3500 S / 4600 W,9
Harrison Blvd @ 1511 S,9
2700 W @ 4345 S,9
30Th St @ 427 E   (Ogden),9
5400 S / 4800 W,9
800 E @ 30 N,9
Murray Holladay Rd @ 2161 E,9
Main St @ 598 N   (Kaysville),9
Sandy Civic Center Station,9
36Th St @ 1120 E,9
1300 E @ 1749 S,9
1300 E @ 4389 S,9
1100 E / Wilson Ave,9
Redwood Rd / 4200 S,9
University Ave / 4800 N,9
Main St / 300 W,9
1700 W @ 2250 N,9
1300 E @ 4765 S,9
2300 E @ 4510 S,9
3800 S @ 2511 W,9
Center St / 800 E,9
8400 W / Robin St,9
Washington Blvd / 2000 N,9
3300 S @ 1001 E,9
200 S / 200 W,9
6200 S @ 3690 W,9
1300 E / Wilmington Ave,9
900 E / Wilson Ave,9
1300 E @ 3849 S,9
300 W @ 701 N,9
Freedom Blvd / 100 N,9
1860 S @ 483 E,9
13Th St @ 1600 S,9
State Highway 51 @ 1150 N,9
1300 E @ 4711 S,9
Redwood Rd / 5000 S,9
5600 W / 6200 S,9
1300 E @ 1335 S,9
4500 S @ 787 E,9
Highland Dr @ 8089 S,9
Union Park Ave @ 7184 S,9
12300 S / 210 E,9
Main St @ 444 S,9
Foothill Dr @ 1825 S,9
Redwood Rd / 900 N,9
Harrison Blvd @ 4255 S,9
400 S @ 175 W,9
Main St @ 211 S,9
Redwood Rd / Leland Dr,9
Harrison Blvd /12th St (Up),9
State St @ 1029 S,9
1300 E @ 1503 S,9
State St @ 4195 S,9
9400 S @ 1108 E,9
500 E / Farmer Alumni Dr,9
7200 S @ 90 W,9
2100 S / 800 E,9
Foothill Dr @ 1445 S,9
3200 W / 4100 S,9
Greenwood Ter / Sunnyside Ave,9
State St / 600 E,9
Chipeta Way / Tabby Ln,9
800 E / 800 S,9
Freedom Blvd / 500 N,9
900 S / Amanda Ave,9
Main St @ 2302 N,9
State Rd / 700 S,9
1100 E / 1300 S,9
Fort Union Blvd @ 2335 E,9
Highland Dr @ 4675 S,8
Main St @ 1469 N    (Bountiful),8
Main St / 4500 S,8
Woodland Park Dr @ 1896 N,8
3900 S @ 547 W,8
1200 W / 400 S,8
State St / 1800 N,8
State St @ 503 S,8
800 W / 800 S,8
Cottonwood St / Woodrow St,8
Atherton Dr @ 4533 S,8
800 E @ 680 N,8
4000 W @ 4135 S,8
9th Ave / I St,8
Washington Blvd / 16th St,8
300 W / Fayette Ave,8
Fairfield Rd @ 920 N,8
Union Park Ave @ 7175 S,8
1300 E @ 4550 S,8
Atherton Dr @ 4440 S,8
3900 S @ 1112 E,8
3rd Ave / G St,8
Beck Street @ 1765 N    (Salt Lake),8
State St @ 4930 S,8
2000 W / 300 N,8
State St @ 4068 S,8
2100 S / 2000 E,8
State St / Green Spring Way,8
Redwood Rd / 4900 S,8
Main St / North Temple,8
State St @ 448 S,8
100 N / 100 W,8
900 E / Belmont Ave,8
800 E @ 24 N,8
9th Ave / E St,8
Redwood Rd / 600 S,8
Murray Holladay Rd @ 1635 E,8
Vine St / Commerce Dr,8
L St / 3rd Ave,8
Main St @ 620 S,8
Freedom Blvd / 300 N,8
4100 S / 3600 W,8
Greenwood Ter / 900 S,8
800 S @ 947 W,8
300 W / 900 S,8
2300 E @ 4626 S,8
Redwood Rd / Crystal Ridge,8
Main St @ 1969 N,8
State St @ 4949 S,8
Winchester St / 800 E,8
Silver Fork Lodge (Up),8
1200 W @ 720 N,8
Bennion Blvd @ 1652 W,8
300 W / 4700 S,8
Guardsman Way / 500 S,8
Highland Dr @ 4805 S,8
3500 S / Stanton Dr,8
1430 S / 400 W,8
Main St / 400 N,8
Main St / 500 W (LDS Church P+R),8
State St @ 1299 S,8
Winchester St / 640 E,8
Main St / 200 N,8
5700 S / 2000 W,8
4700 S @ 4975 W,8
Woodland Park Dr @ 1905 N,8
Harrison Blvd / 37th St,8
Wall Ave @ 466 N,8
800 E / 800 N,8
900 E / 5800 S,8
500 W @ 2520 S,8
900 E / 3385 S,8
3100 S / 8950 W,8
State Rd / 800 N,8
Washington Blvd / 5th St,8
3500 S / Oquirlane St,8
Meadowbrook Expwy @ 1035 W,8
4700 S @ 3189 W,8
900 W / 3300 S,8
Highland Dr @ 8633 S,8
Antelope Dr / 1000 W,8
Foothill Dr / Mario Capecchi,8
Main St @ 968 S (Layton),8
Magna Main St / 8700 W,8
Redwood Rd / 700 S,8
Fort Union Blvd @ 2285 E,8
3900 S @ 201 E,8
9150 W / Magna Main St,8
900 E / Scott Ave,8
1300 E @ 2185 S,8
State St @ 1135 S,8
North St / 500 E,8
East Bay Blvd @ 126 E,8
900 W / 1750 S,8
Main St @ 714 S    (Brigham City),8
5400 S / 1900 W,8
900 E / 4200 S,7
Meadowbrook Expwy @ 1151 W,7
Sparrowhawk Way @ 7746 N,7
1700 S @ 314 E,7
3300 S @ 401 E,7
400 S @ 198 W,7
5400 S / Ridgecrest Dr,7
Main St @ 302 N,7
3900 S @ 2225 E,7
4100 S / 4800 W,7
2200 W @ 3874 S,7
Main St @ 267 N,7
4000 W @ 5865 S,7
Wall Ave @ 2110 S,7
State St @ 784 S,7
3800 S @ 2311 W,7
Riverdale Rd @ 699 W,7
900 E / 300 N,7
Lodestone Ave / 5625 W,7
Main St @ 891 S,7
1000 W @ 345 N,7
4000 W @ 4122 S,7
State St @ 580 S,7
550 W / 1800 N,7
Antelope Dr / 2000 W,7
Fort Union Blvd @ 305 E,7
4700 S @ 5265 W,7
Harrison Blvd @ 5745 S,7
1460 N / 1500 W,7
Main St @ 1986 N    (Layton),7
State St @ 6150 S,7
Magna Main St / 8800 W,7
Redwood Rd / 7100 S,7
Polk Ave @ 2990 S   (Ogden),7
Moose Hollow Condos,7
30Th St @ 1162 E,7
Magna Main St / 8590 W,7
Highland Dr @ 3125 S,7
Antelope Dr / Chelemes Way,7
1500 E @ 1064 S ,7
400 E @ 175 S,7
400 S @ 210 E,7
1300 E @ 1875 S,7
Us Hwy 89 @ 70 S   (N. Salt Lake),7
3300 S / West Temple,7
5000 S / 300 E,7
Highland Dr / Parkway Ave,7
Main St / 110 N,7
3100 S / 8400 W,7
Redwood Rd @ 8936 S,7
State St @ 5020 S,7
2300 E @ 4657 S,7
1900 W @ 5718 S,7
Main St @ 1802 N    (Sunset),7
Fort Union Blvd @ 671 E,7
4000 W @ 4390 S,7
3900 S @ 3077 E,7
UVU Institute,7
Riverdale Rd @ 4262 S,7
Center St / 200 W,7
Main St @ 1255 N    (Layton),7
1820 S / 3350 W,7
State St @ 2547 S,7
Larsen Ln @ 327 E,7
5400 S / 700 W,7
Medical Dr @ 630 E,7
Jordan Landing Blvd / 7800 S NB,7
4000 W @ 6145 S,7
State St / Lindon Center St,7
6200 S @ 2315 W,7
1200 W @ 50 S,7
9400 S @ 1356 E,7
5300 S / Sunset Dr,7
Clernates Dr @ 6598 S,7
400 S @ 306 W,7
Copper City Dr / Plumbago Ave,7
State St @ 5025 S,7
1500 W @ 1973 N,7
4100 S / 4000 W,7
4700 S @ 4655 W,7
Main St @ 475 S,7
Commerce Way @ 1156 S,7
Vine St @ 34 E,7
UTA Mt. Timpanogos Garage,7
Layton Hills Pkwy @ 1534 N,7
Washington Blvd / North St,7
Wall Ave @ 1217 S,7
Wall Ave @ 3969 S,7
State St / 1870 N,7
Harrison Blvd / 32nd St,7
900 E / Stratford Ave,7
3rd Ave / K St,7
800 E / 1150 S,7
1820 S / 3600 W,7
Main St @ 156 S,7
University Ave / Center St,7
Foothill Dr @ 2278 S,7
State St / 1500 N,7
Us Hwy 89 @ 3322 N   (N. Salt Lake),7
Antelope Dr @ 1078 W,7
6200 S @ 3816 W,7
900 E / Princeton Ave,7
Murray Holladay Rd @ 1885 E,7
4000 W @ 4071 S,6
West Temple / 150 S,6
1300 E @ 7075 S,6
4800 W @ 3550 S,6
South Union Ave @ 1165 E,6
Highland Dr @ 3961 S,6
Winchester St / 525 E,6
400 S @ 285 W,6
Fort Union Blvd @ 1445 E,6
State St @ 1150 S,6
1460 N / Grand Ave,6
1430 S / 550 W,6
4015 W @ 5338 S,6
State St @ 8531 S,6
900 E / Gregson Ave,6
State St / 1500 S,6
1300 E @ 5581 S,6
4500 S @ 501 E,6
Main St / 100 W,6
Gregson Ave / West Temple,6
Riverdale P+R,6
Bruin Blvd @ 2090 W,6
800 E @ 838 N,6
1900 W / 4400 S,6
Main St @ 515 N,6
700 W / 3500 S,6
Cottonwood Pkwy @ 2955 E,6
2nd Ave / Canyon Rd,6
Adams Avenue @ 2240 S   (Ogden),6
3500 S / 6555 W,6
Main St @ 3315 S,6
1700 S @ 920 E,6
Winchester St / 370 E,6
Alabama Ave @ 3639 W,6
Fort Ln @ 203 S,6
Highland Dr @ 7215 S,6
3900 S @ 1580 E,6
900 E / Garfield Ave,6
Cottonwood Pkwy @ 2916 E,6
500 E / Garden Ave,6
5400 S / 1070 W,6
9150 W / 2900 S,6
Silver Lake / Brighton Store (Up),6
Sandhill Rd / 1350 S,6
300 W / 600 N,6
Us Hwy 89 @ 191 S,6
3300 S @ 2103 E,6
University Ave / 3300 N,6
Cougar Ln @ 6865 S,6
Fort Union Blvd @ 2344 E,6
900 E / Springview Dr,6
900 E / White Maple Way,6
1200 W @ 1586 N,6
4700 S @ 2750 W,6
Main St @ 1591 N,6
450 E / 3100 N,6
Highland Dr @ 2907 S,6
Utah Valley Hospital,6
3300 S @ 398 E,6
University Ave / 700 N,6
Main St @ 1547 S,6
4700 S / 200 E,6
1600 N @ 84 W,6
9th Ave / G St,6
Timpanogos Pkwy @ 655 E,6
900 W / 900 S,6
Us Hwy 89 @ 6190 S,6
Pony Express Pky  @ 3916 E,6
Main St @ 172 N,6
1200 W @ 1575 N,6
State St @ 835 S,6
Riverdale Rd @ 3500 S,6
1300 E @ 1165 S,6
University Ave / 2680 N,6
4700 S @ 5407 W,6
Main St @ 1795 S,6
900 E / Yale Ave,6
Murray Blvd / Vine St,6
800 E @ 579 N,6
1300 E @ 5780 S,6
Center St / 50 W,6
24th St / C Ave,6
9150 W / 3000 S,6
300 W / 4800 S,6
Hill Field Rd @ 2901 N,6
Highland Dr @ 3687 S,6
4000 W @ 6015 S,6
Wall Ave @ 1180 S,6
3000 E @ 6967 S,6
Atherton Dr @ 1025 W,6
University Ave / 3700 N,6
Fort Union Blvd @ 1860 E,6
1700 S / Fremont Dr,6
State St @ 4400 S,6
3900 S @ 612 W,6
400 E @ 210 N,6
Mill Rd / Geneva Rd,6
Fort Union Blvd @ 2181 E,6
Dixie Dr @ 6267 S,6
Main St @ 1217 N,6
1200 W @ 361 N,6
1425 N / Layton Hills Pky,6
State St @ 5615 S,6
1500 E @ 1147 S ,6
3900 S @ 2312 E,6
5000 S / 300 W,6
400 E @ 26 N,6
500 E / Millcreek Way,6
2nd Ave / C St,6
300 W / 4900 N,6
300 W / 4900 S,5
Washington Blvd / 1100 N,5
36Th St @ 888 E,5
3rd Ave / M St,5
West Temple / North Temple,5
Woodland Park Dr @ 1754 N,5
Wolf Creek Resort (Up),5
3500 S / 5450 W,5
Fitts Park,5
Wasatch Blvd @ 3491 S,5
4015 W @ 5781 S,5
4700 S @ 5585 W,5
State St @ 4824 S,5
Redwood Rd / 6720 S,5
State St / 860 E,5
3300 S @ 2605 E,5
West Temple / Broadway,5
UVU Testing Services,5
State St @ 8385 S,5
Freedom Blvd / 1950 N,5
Fort Union Blvd @ 272 E,5
36Th St @ 325 E,5
3800 S @ 2314 W,5
1100 E / Yale Ave,5
Main St. @ 716 N,5
Us Hwy 89 @ 112 N,5
State St @ 5200 S,5
800 E / 900 S,5
Main St @ 250 N,5
University Ave / 4200 N,5
900 E / Garden Dr,5
2300 E @ 3883 S,5
4500 S @ 2925 E,5
State St / 1100 N,5
State St @ 6300 S,5
1800 N @ 324 W,5
Hwy 198  @ 38 N,5
900 W / 700 S,5
Redwood Rd / 3550 S,5
Harrison Blvd @ 4390 S,5
Harrison Blvd @ 4780 S,5
Wall Ave @ 2155 S,5
100 N @ 900 W,5
Harvest Hills Blvd @ 478 W,5
Cougar Ln @ 6425 S,5
Main St / University Pkwy,5
STATE ST @ 575 S,5
Highland Dr @ 5911 S,5
2400 S / Presidents Dr,5
Main St @ 110 S   (Brigham City),5
1200 W @ 1465 N,5
4500 S @ 2685 E,5
State St / 100 S,5
Cougar Ln @ 5535 S,5
7800 S @ 530 E,5
L St / 6th Ave,5
Redwood Rd @ 9843 S,5
State Rd / 790 S,5
900 E / Southwood Dr,5
South Union Ave @ 1092 E,5
Main St @ 375 N,5
State St @ 4608 S,5
28Th St @ 155 E,5
State St @ 7087 S,5
Fort Union Blvd @ 1540 E,5
1000 E @ 7778 S,5
900 W / Fremont Ave,5
Main St @ 1130 N   (Layton),5
3300 S @ 988 E,5
400 S / 1350 W,5
5300 S / 850 E,5
400 E @ 1853 N,5
Center St / 100 W,5
3900 S @ 718 E,5
4015 W @ 5493 S,5
6200 S @ 4653 W,5
1850 W @ 2698 N,5
900 W / Colmar Ave,5
Meadowbrook Expwy @ 1150 W,5
Highland Dr @ 4285 S,5
State St @ 4601 S,5
Us Hwy 89 @ 785 N,5
1200 W / 1420,5
Clernates Dr @ 6394 S,5
Main St @ 1661 N,5
Fort Union Blvd @ 1000 E,5
Dixie Dr @ 6741 S,5
1200 W / 540 S,5
Redwood Rd @ 9375 S,5
Main St @ 282 N,5
1300 E @ 5263 S,5
500 E / 4200 S,5
Heritage Park Blvd @ 771 W,5
900 E / Searle Ave,5
3200 W / 3650 S,5
900 E / Atkin Ave,5
3500 S / Wing Pointe Dr,5
Main St @ 931 S,5
3600 W / 3250 S,5
9000 S @ 3913 W,5
900 E / 5290 S,5
3900 S @ 1965 E,5
Fort Ln @ 180 S,5
Us Hwy 89 @ 270 S  (N. Salt Lake),5
4015 W @ 4878 S,5
Antelope Dr / Main St,5
Ashton Blvd / 1800 W,5
Main St @ 1299 N     (Sunset),4
300 S / 200 E,4
Main St / 1100 N,4
4015 W @ 4993 S,4
Washington Blvd / 2300 N,4
Main St @ 47 N,4
Layton Hills Pkwy @ 1425 N,4
Triumph Blvd / 3400 N,4
Richmond St @ 3010 S,4
9000 S @ 3898 W,4
Cougar Ln @ 6587 S,4
Fort Union Blvd @ 1335 E,4
Main St @ 573 N,4
Harrison Blvd @ 1250 S,4
Washington Blvd / 800 N,4
Fort Union Blvd @ 1285 E,4
1300 E @ 1724 S,4
Main St @ 1016 N,4
Main St / 400 E,4
Fort Union Blvd @ 2691 E,4
University Pkwy/University Ave,4
Datc Drive @ 350 S (Datc),4
26th St / Lincoln Ave,4
Redwood Rd / Erickson Park Dr,4
Clernates Dr @ 6852 S,4
1200 W @ 148 N,4
800 E @ 775 S,4
3200 W / 4060 S,4
2nd Ave / A St,4
Main St / 1600 S,4
36Th St @ 425 E,4
500 E / Bridlewood Dr,4
3900 S @ 54 W,4
1700 S / Empire Rd,4
Highway 198 @ 380 N,4
Main St / 900 N,4
900 E / 4000 S,4
900 E / Austin Ave,4
2000 W / 1550 S,4
L St / 9th Ave,4
State St @ 3750 S,4
State St @ 6954 S,4
Midland Dr / 4600 S,4
1700 S @ 410 E,4
Redwood Rd / South Temple,4
Murray Blvd @ 4889 S,4
Main St / 2000 S,4
Main St @ 523 N,4
900 W / 1400 S,4
Pennsylvania Ave / Water Tower Way ,4
3300 S @ 796 E,4
2700 S @ 1959 E,4
Highland Dr @ 5571 S,4
7800 S @ 836 E,4
Gentile St @ 223 E,4
Highland Dr @ 4565 S,4
1800 N @ 951 W,4
2200 W @ 4512 S,4
1300 E @ 4730 S,4
5600 W @ 4500 S,4
1900 W @ 5999 S,4
Harrison Blvd @ 717 S,4
Washington Blvd / 650 N,4
1600 N @ 445 W,4
Woodland Park Dr @ 1739 N,4
1460 N / 1900 W,4
800 E @ 985 N,4
Redwood Rd @ 705 S,4
Columbus St / 500 N,4
Fairfield Rd @ 544 N,4
State St @ 7009 S,4
1000 E @ 7755 S,4
Little Cottonwood Rd @ 3125 E,4
1200 W @ 40 S,4
1300 E @ 2455 S,4
2Nd St @ 415 E    (Ogden),4
300 E / 4425 S,4
Main St @ 820 N,4
Richmond St @ 2917 S,4
Washington Blvd / 2600 N,4
Mario Capecchi Dr / Pollock Rd,4
Main St @ 10 N    (Kaysville),4
State St @ 5898 S,4
Fort Union Blvd @ 2941 E,4
1460 N / 1220 W,4
1900 W @ 5976 S,4
7800 S @ 740 E,4
1000 W @ 22 S,4
7800 S @ 665 E,4
Highland Dr @ 3795 S,4
Center St @ 630 E,4
1200 W @ 1001 S   (Slaterville),4
1600 N @ 181 E,4
1200 W @ 1086 N,4
State St @ 226 S,4
Dixie Dr @ 6260 S,4
Meadowbrook Expwy @ 1520 W,4
Main St  @ 60 S,4
Harrison Blvd @ 4286 S,4
1430 S / Sandhill Rd,4
State St @ 2363 S,4
25th St / Kiesel Ave,4
Dixie Dr @ 6515 S,4
Main St / American Fork Center St (,4
Wasatch Blvd / 3300 S,4
2200 W @ 4519 S,4
Main St @ 502 N,4
State St @ 6801 S,4
Westsams Blvd @ 4896 S,4
400 E @ 390 S,4
Washington Blvd / 1700 N,4
3900 S @ 725 E,4
State St @ 1970 S,4
Riverdale Rd @ 4267 S,4
Harrison Blvd /35th St,4
Anderson Cove P+R,4
Geneva Rd / 500 S,4
Flint St @ 673 S,4
1700 S @ 116 E,4
State Rd @ 763 S,4
2300 E @ 4433 S,4
100 N @ 640 E,4
1200 S @ 737 W,4
1300 E @ 794 S,4
1200 W / 150 N,4
7800 S @ 799 E,4
University Pkwy @ 2513 N,4
Murray Holladay Rd @ 1981 E,4
1300 E @ 4989 S,4
Main St @ 1798 N,4
Highland Dr @ 3011 S,4
500 W @ 118 S,4
Pioneer Rd / Fort St,4
1820 S / 3480 W,4
State St @ 325 S,4
4700 S / 200 W,4
8400 W / 3100 S,4
Fort Union Blvd @ 2748 E,4
Highland Dr @ 4220 S,4
1200 W @ 2212 S,4
Antelope Dr @ 1093 W,4
Murray Holladay Rd @ 1776 E,4
1450 S @ 1182 E,4
4000 W @ 8441 S,4
700 W / Billinis Rd,3
4000 W @ 4031 S,3
3100 N / 950 E,3
Harrison Blvd @ 4471 S,3
1000 W / 300 N,3
SR-158 / Moose Hollow Dr (Up),3
Main St @ 1970 N,3
1700 W @ 2239 N,3
Antelope Dr @ 800 W,3
Hill Field Rd @ 1420 N,3
Main St @ 696 S   (Brigham City),3
900 E @ 591 S,3
3300 S @ 2375 E,3
Redwood Rd / 6600 S,3
Main St @ 1166 N,3
4700 S @ 2570 W,3
Freedom Blvd / 350 S,3
State St @ 1049 S,3
12Th St @ 1007 W     (Ogden),3
Wall Ave @ 1710 S,3
Hill Field Rd @ 2441 N,3
4700 S @ 2860 W,3
4700 S / 100 E,3
3300 S @ 3045 E,3
Main St @ 26 S,3
4000 W / 7800 S,3
5400 S / Northwest Ave,3
1000 W @ 762 N,3
1700 S @ 881 E,3
1300 E @ 6775 S,3
North Frontage Rd / 2900 W,3
Foothill Dr / Hubbard Ave,3
Mt Timpanogos Blvd @ 898 N,3
Fort Union Blvd @ 395 E,3
4000 W @ 8579 S,3
Amazon Fulfillment Center,3
Redwood Rd / Crystal Ridge Dr,3
900 E / Best Ave,3
22Nd St @ 299 E,3
Main St @ 1101 N,3
Skyline Dr @ 1550 E,3
Pioneer Rd / Bridger Rd,3
200 E @ 312 S,3
100 N @ 985 E,3
Medical Dr @ 424 S,3
1600 N @ 97 W,3
3rd Ave / P St,3
4015 W @ 5000 S,3
Dixie Dr @ 6506 S,3
Darling St @ 1480 E,3
Highland Dr @ 9145 S,3
2700 W @ 4663 S,3
900 E / Emerson Ave,3
Highland Dr @ 6065 S,3
900 W / Fayette Ave,3
Redwood Rd @ 8380 S,3
Orchard Dr @ 1812 S,3
Guardsman Way / 700 S,3
1300 E @ 3751 S,3
3600 W / 2340 S,3
Us Hwy 89 @ 355 N   (N. Salt Lake),3
State St / Lindon Center St.,3
4100 S / 5400 W,3
900 E / Arrowhead Ln,3
800 E @ 984 N,3
Main St @ 175 N,3
Main St @ 360 S   (Kaysville),3
Copper City Dr / Black Mica,3
Hwy 193 @ 524 W,3
8400 W / Myron Ave,3
Orchard Dr @ 5 N   (N. Salt Lake),3
Highland Dr @ 2940 S,3
Fort Ln @ 70 S    (Layton),3
Cougar Ln @ 6242 S,3
3900 S @ 2681 E,3
500 W / 200 N,3
25th St btwn Grant & Lincoln,3
Main St @ 1000 S,3
State St / 740 E,3
3900 S @ 1200 E,3
1300 E @ 4545 S,3
1700 S @ 1118 E,3
Wall Ave @ 180 S,3
4000 S / 2175 W,3
4100 S / 5200 W,3
Center St / 400 W,3
800 S @ 705 W,3
State St @ 5525 S,3
1200 W @ 1105 N,3
11400 S @ 1236 W,3
1700 S / Pioneer Rd,3
1600 N @ 832 W,3
Main St @ 2065 S,3
2200 W @ 4342 S,3
3100 N / 800 E,3
400 E @ 155 N,3
1300 E @ 4645 S,3
3rd Ave / N St,3
Main St @ 175 S,3
Main St. @ 1375 N,3
Main St @ 801 N,3
900 E / Vine St north,3
Columbus St / 400 N,3
State St @ 4190 S,3
Highland Dr @ 4520 S,3
3300 S @ 1705 E,3
3100 S / Cyprus Ln,3
Antelope Dr @ 448 W,3
800 E @ 412 N,3
3200 W / Whitehall Dr,3
Orchard Dr @ 2698 S,3
Main St @ 113 N,3
1700 S @ 614 E,3
500 E / Warnock Ave,3
1200 W @ 404 N,3
1000 W @ 1701 N,3
4400 S @ 997 W,3
Redwood Rd / 1600 S,3
6200 S @ 4215 W,3
36Th St @ 1056 E,3
3900 S @ 2059 E,3
4715 S @ 4181 W,3
1300 E @ 4790 S,3
State St / Lindon Main St,3
4500 S @ 1296 E,3
1350 W @ 1900 N,3
3100 S @ 3596 W,3
1820 S / 3730 W,3
1700 S / Swaner Rd,3
1700 E @ 2689 S,3
Richmond St @ 3017 S,3
900 E / Crandall Ave,3
800 E @ 375 N,3
1000 W @ 757 N,3
Main St / 1450 S,3
Reynolds Flat / North Fork (Down),3
3600 W / 2750 S,3
Redwood Rd / 1000 S,3
Arapeen Dr / Sunnyside Ave,3
Hill Field Rd @ 2510 N,3
800 E @ 574 N,3
Main St @ 87 S,3
Beck Street @ 1445 N,3
1700 S @ 722 E,3
1500 E @ 1429 S,3
100 N @ 190 E,3
4700 S @ 3045 W,3
3300 S / 1650 E,3
Redwood Rd / 4875 S,3
3900 S @ 785 E,3
3900 S @ 1328 E,3
Lake Point Junction (Flying J Plaza,3
Washington Blvd / 39th St,3
2000 E @ 3207 S,3
4500 S @ 610 E,3
Skyline Drive @ 1585 East,3
3600 W / Great Lakes Dr,3
4700 S @ 3050 W,3
Us Hwy 89 @ 2685 N,3
400 S @ 1049 W,3
Hill Field Rd @ 2798 N,3
Constitution Blvd @ 3601 S,3
500 E / Malibu Dr,3
Triumph Blvd / Ashton Blvd,3
4015 W @ 4851 S,3
Pennsylvania Ave / 28th St,3
Main St @ 1125 N    (Layton),3
4000 W @ 4205 S,3
6200 S @ 1611 W,3
2200 W @ 4681 S,3
Vine St @ 79 W,3
28Th St @ 376 E,3
State St. @ 2931 S,3
1300 E @ 6105 S,3
State St @ 6200 S,3
800 E @ 442 S,3
7000 S @ 4825 W,3
Arapeen Dr / Komas Dr,3
Main St @ 1080 S,3
7800 S @ 567 E,3
3100 N / 575 E,3
Washington Blvd / Lockwood Dr,3
100 W @ 685 S,3
1600 N @ 381 E,3
Main St @ 298 S,3
1700 S @ 113 E,3
5000 S / 150 E,3
Jordan Landing Blvd. @ 7535 S,3
Main St @ 1415 S,3
West Temple / Angelo Ave,3
1300 E @ 4155 S,3
Timpanogos Pkwy @ 680 E,3
1000 E @ 7410 S,3
Highland Dr / Stratford Ave,3
River Front Pkwy @ 10903 S,3
Riverdale Rd @ 710 W,3
State St @ 6888 S,3
5400 S / Rocky Ridge Rd,3
1600 N @ 436 E,3
3900 S @ 1485 E,3
1300 E @ 4001 S,3
Highland Dr @ 2831 S,3
1200 W / 1300 N,3
Fairfield Rd @ 125 S,3
Monroe Blvd @ 2478 S,3
1820 S / 3850 W,3
300 S / 400 E,3
800 E @ 385 S,3
1600 N @ 260 W,3
1200 W @ 707 N,3
1450 S @ 1157 E,3
12Th St @ 955 W    (Ogden),3
4000 W @ 3620 S,3
4000 W @ 4544 S,3
Harrison Blvd @ 915 S,3
Murray Holladay Rd @ 1366 E,3
Foothill Dr @ 1250 S,3
900 E / Rowley Dr,3
4000 S / 2725 W,3
Silver Fork Lodge (Down),3
State St / Columbia Village,3
Monroe Blvd @ 2019 S,3
2200 W @ 3853 S,3
7000 S @ 5153 W,3
Main St @ 675 N,3
Center St / Vineyard Rd,3
1300 E @ 1356 S,3
1700 S @ 87 W,3
Temple Drive @ 10765 S,3
Fort Union Blvd @ 844 E,3
12Th St @ 165 W     (Ogden),3
1200 W @ 660 N,3
5000 S / 150 W,3
3650 S / Granger Dr,3
3900 S @ 398 E,3
Main St @ 1398 S,2
2000 E @ 2710 S,2
Jordan Landing Blvd @ 3700 W,2
8400 W / Western Dr,2
4700 S @ 3230 W,2
4700 S @ 3400 W,2
Highway 193 @ 929 E,2
5400 S / Copper City Dr,2
5600 W @ 4290 S,2
4000 W @ 4443 S,2
Geneva Rd / 400 S,2
Us Hwy 89 @ 3782 S (N Salt Lake),2
800 E @ 32 S,2
1600 N @ 108 E,2
4000 W @ 5860 S,2
Redwood Rd @ 9089 S,2
Us Hwy 89 @ 135 N,2
Fort Union Blvd @ 1135 E,2
Murray Holladay Rd @ 2051 E,2
State St / 500 W,2
Main St / 1820 S,2
Magna Senior Center,2
1800 N @ 111 W,2
4400 S @ 1825 W     (Roy),2
4500 S @ 816 E,2
Main St @ 611 N,2
Jordan Landing Blvd @ 7661 S,2
2300 E @ 3918 S,2
State Highway 51 @ 1793 S,2
1450 S @ 1360 E,2
13Th St @ 1380 S,2
9400 S @ 2150 E,2
500 W @ 897 S,2
500 E / Burton Ave,2
Murray Holladay Rd @ 1868 E,2
Ridgeline Dr @ 6023 E,2
2700 W @ 7520 S,2
Harrison Blvd @ 263 S,2
Orchard Dr @ 3010 S,2
Fairfield Rd @ 150 S,2
Redwood Rd / Allegheny Dr,2
Main St @ 1322 N,2
Murray Holladay Rd @ 2160 E,2
2100 S / 1260 W,2
Fort Union Blvd @ 2477 E,2
3300 S @ 2340 E,2
7800 S @ 430 E,2
Main St @ 1600 N,2
Hwy 198 @ 21 S,2
State St @ 4721 S,2
2230 N / 400 W,2
2nd Ave / D St,2
400 E @ 409 N,2
UDOT Region Two,2
4100 S / Bluejay St,2
8400 W / Aleen Ave,2
Highland Dr @ 7796 S,2
3100 S @ 4617 W,2
1300 E @ 7046 S,2
Cougar Ln @ 6007 S,2
Us Hwy 89 @ 2491 N,2
800 W @ 1055 S,2
Orchard Dr @ 650 S,2
Balsa Ave @ 5523 W,2
Harrison Blvd/ 25th St,2
800 E @ 450 N,2
Main St @ 1538 N,2
8400 W / 2910 S,2
4000 W @ 4267 S,2
1000 W @ 1370 N,2
Highway 198 @ 2349 W,2
Winchester St / Malstrom Ln,2
Medical Dr @ 984 S   (Brigham City),2
6000 S / 2200 W,2
3500 S / Toolson Dr,2
Foothill Dr @ 1458 S,2
2200 W @ 4435 S,2
2800 S @ 116 E,2
4800 W @ 4688 S,2
3300 S @ 1890 E,2
Fort Union Blvd @ 1410 E,2
6000 S / 2700 W,2
1700 E @ 1709 S,2
Main St. @ 755 S,2
1730 S @ 5077 W,2
1700 S @ 517 E,2
State St @ 2588 S,2
Heritage Park Blvd @ 919 W,2
Main St @ 865 N,2
1900 W @ 4443 S,2
Highland Dr @ 6270 S,2
920 S @ 471 W,2
Orchard Dr @ 1470 S,2
Murray Holladay Rd @ 1660 E,2
Orchard Dr @ 3738 S  (N. Salt Lake),2
1900 W @ 5236 S,2
7800 S @ 170 E,2
4400 S / 1950 W,2
Orchard Dr @ 55 S,2
SR-158 / Moose Hollow Dr (Down),2
1300 E @ 1134 S,2
Harrison Blvd @ 2044 S,2
Express Way Lane @ 1212 E,2
Orchard Dr @ 1785 S,2
4500 S @ 957 E,2
Fort Union Blvd @ 1857 E,2
4100 S / Bonniewood Dr,2
900 E / Herbert Ave,2
Winchester Dr @ 716 W,2
Fort Union Blvd @ 1150 E,2
100 W @ 680 S,2
900 E / 50 S,2
3900 S @ 2525 E,2
Harrison Blvd @ 2013 S,2
3100 S @ 3941 W,2
Main St @ 960 S,2
3900 S @ 985 E,2
Fort Ln @ 410 S,2
2800 S @ 251 E,2
Harrison Blvd @ 4847 S,2
Main St / 50 S,2
Winchester St / Jefferson St,2
1430 W / Sandhill Rd,2
2300 E @ 4001 S,2
Hill Field Rd @ 1748 N,2
Main St @ 50 S      (Kaysville),2
3500 W / 5700 S,2
3500 S / 5300 W,2
Northwest Ave @ 5383 S,2
3900 S @ 1396 E,2
Redwood Rd @ 1418 N,2
2700 W @ 4521 S,2
Main St. @ 1170 N,2
Monroe Blvd @ 1219 S   (Ogden),2
Geneva Rd @ 1032 S,2
Dixie Dr @ 6778 S,2
100 W @ 143 S,2
Reynolds Flat / North Fork (Up),2
2700 W @ 4726 S,2
Orchard Dr @ 75 N,2
Clernates Dr @ 6718 S,2
Orchard Dr @ 1646 S,2
4800 W @ 4667 S,2
Main St @ 75 S,2
2600 N / 500 E,2
30Th St @ 1157 E,2
Wakara Way / Chipeta Dr,2
3300 S / 2940 E,2
1300 E @ 4085 S,2
2700 W @ 5901 S,2
10000 S / State St,2
Redwood Rd / 7900 S,2
3500 S / 5020 W,2
Redwood Rd / 950 S,2
4700 S @ 3395 W,2
1450 S @ 1348 E,2
Main St @ 2136 S,2
Virginia St / South Temple,2
30Th St @ 1245 E,2
Monroe Blvd @ 2517 S,2
State St @ 6098 S,2
State St / 1800 S,2
State St @ 720 W,2
Fort Union Blvd @ 2868 E,2
Cougar Ln @ 6872 S,2
Us Hwy. 89 @ 3000 N,2
4015 W @ 5601 S,2
2000 E @ 3175 S,2
Lodestone Ave / Trowbridge Way,2
3600 W / Honda Ave,2
Stansbury Parkway @ 6670 N,2
Orchard Dr @ 3562 S,2
Center St @ 1767 W,2
1300 E @ 1079 S,2
Redwood Rd @ 9024 S,2
Highland Dr @ 2790 S,2
Orchard Dr @ 2147 S,2
Main St @ 1041 S,2
Main St. @ 488 S,2
Dixie Dr @ 6348 S,2
Monroe Blvd @ 2590 S   (Ogden),2
1000 W @ 246 N,2
6000 S / 3100 W,2
3600 W / 2270 S,2
500 N / Cortez St,2
900 E / 200 N,2
Main St @ 1821 N,2
300 W @ 610 N,2
4500 S @ 3124 E,2
Eastside Dr / Gordon Ave,2
State St @ 944 S,2
4100 S / Acord Way,2
Center St @ 370 E,2
Center St @ 80 E,2
Main St @ 110 N,2
ORCHARD DR @ 2122 S,2
CONSTITUTION BLVD @ 4400 S,2
4100 S / Hopi Dr,2
Main St @ 934 S   (Brigham City),2
Fort Union Blvd @ 26 W,2
Jordan Landing Blvd @ 7190 S,2
Redwood Rd / 4240 S,2
1800 N @ 568 W,2
Center Street @ 1981 W,2
100 N @ 520 E,2
3rd Ave / T St,2
7800 S @ 110 E,2
5400 S / Appian Way,2
1700 S @ 1315 E,2
1300 E @ 1784 S,2
Wall Ave @ 2038 S,2
Dixie Dr @ 6345 S,2
30Th St @ 603 E,2
Main St @ 824 N,2
3100 N / 1050 E,2
1500 E @ 1381 S,2
Main St @ 650 N,2
State St @ 2849 S,2
Komas Dr @ 650 S,2
1300 E @ 3487 S,2
Layton Hills Pkwy @ 1547 N,2
3900 S @ 1881 E,2
3200 W / 3800 S,2
US Hwy 89 @ 2680 S,2
500 E / Delno Dr,2
Redwood Rd @ 9185 S,2
Main St @ 1045 N,2
400 N @ 22 E,2
200 E @ 548 S,2
4000 W @ 6028 S,2
River Front Pkwy / 10600 S,2
Main St @ 318 S,2
Hill Field Rd @ 2112 N,2
Beck St @ 915 N,2
1300 E @ 6980 S,2
2300 E @ 4550 S,2
800 E @ 190 N,2
30Th St @ 992 E,2
500 E / Stanley Ave,2
1300 E @ 3200 S,2
Hwy 198 / 750 N,2
Mario Capecchi / North Campus,2
1500 W @ 2690 N,2
8400 W / 3410 S,2
2000 W / 700 S,2
1300 E @ 5185 S,2
30Th St @ 878 E,2
Fort Union Blvd @ 715 E,2
Main St / 1400 S,2
3100 S @ 4149 W,2
Pennsylvania Ave / 2950 S,2
Main St @ 1327 N   (Farmington Shep,2
Main St / 700 N,2
Wasatch Blvd @ 4005 S,2
Orchard Dr @ 900 S,2
1700 S @ 20 W,2
Main St @ 605 N,2
Riverdale Rd / 1500 W,2
3900 S @ 2829 E,2
Fort Union Blvd @ 380 E,2
1300 E @ 4618 S,2
1000 E @ 7544 S,2
State St @ 5995 S,2
University Park Blvd @ 2127 N,2
800 S @ 1199 W,2
400 E @ 1565 N,2
3900 S @ 630 E,2
800 E @ 225 S,2
Clernates Dr @ 6671 S,2
3650 S / 3200 W,2
Fort Union Blvd @ 1605 E,2
4500 S @ 1199 E,2
Dixie Dr @ 6825 S,2
Main St @ 975 S,2
Main St @ 2465 N,2
2Nd St @ 601 E,2
3300 S / 2700 E,2
3300 S @ 2210 E,2
Jordan Landing Blvd @ 7321 S,2
1000 E @ 7415 S,2
Main St @ 1301 N,2
1000 E @ 7335 S,2
4700 S @ 2963 W,2
Orchard Dr @ 3346 S,2
3900 S @ 1377 E,2
State St / 1320 S,2
Redwood Rd @ 10173 S,2
4500 S / Gordon Ln,2
700 W @ 4463 S,2
200 E @ 1270 S,2
5400 S / Walden Glen Dr,2
4800 W @ 4360 S,2
4000 S / 2775 W,2
State St / 950 E,2
1900 W / 4000 S,2
2700 S @ 1851 E,2
East Bay Blvd @ 139 E,2
400 E @ 255 N,2
200 E @ 1396 S,2
11400 S @ 1231 W,2
State St @ 7495 S,2
Antelope Dr / 200 E,2
Main St @ 1213 S,2
Main St @ 601 S,2
1860 S @ 502 E,2
3500 W / 4800 S,2
Foothill Dr / 2100 E,2
Highway 198 @ 499 W,2
South Jordan Pkwy @ 1330 W,2
Main St @ 585 S,2
13Th St @ 1450 S,2
State St @ Winchester St,2
2200 W @ 4254 S,2
Van Winkle Expy @ 6124 S,2
Us Hwy 89 @ 905 N,2
3900 S @ 184 E,2
500 E / Joye St,2
3600 W / 2400 S,2
Clernates Dr @ 6494 S,2
Fort Union Blvd @ 1891 E,2
400 N @ 351 E,2
State St @ 7220 S,2
900 E / Elgin Ave,2
9040 W / 2650 S,2
1300 E @ 6375 S,1
Cougar Ln @ 5846 S,1
State St @ 5685 S,1
Skyline Dr @ 1459 E,1
1300 E @ 2466 S,1
1700 E @ 2126 S,1
2700 W @ 6245 S,1
4800 W @ 4361 S,1
2000 E @ 875 S,1
Highland Dr @ 4050 S,1
2700 W @ 5283 S,1
400 S @ 1061 W,1
1500 E @ 1569 S,1
Redwood Rd @ 8220 S,1
Harrison Blvd @ 4106 S,1
1600 N @ 277 W,1
Us Hwy 89 @ 2254 S    (Perry),1
1900 E @ 1575 S,1
300 E / 4525 S,1
700 N / Riverside Dr,1
400 E @ 212 S,1
500 S @ 535 E,1
State St @ 6895 S,1
450 E / 3000 N,1
State  St / 200 N,1
3380 W @ 8814 S,1
Us Hwy 89 @ 1025 N,1
1730 S @ 5396 W,1
Wasatch Blvd @ 4305 S,1
Us Hwy 89 @ 198 S,1
Monroe Blvd @ 2178 S,1
Main St @ 1711 N,1
1300 E @ 1540 S,1
Us Hwy 89 @ 2435 S,1
36Th St @ 917 E,1
900 E / Zenith Ave,1
4500 S @ 1045 E,1
2100 S / 1075 W,1
Cougar Ln @ 5815 S,1
Spruces (Up),1
4400 S @ 1056 W,1
700 S @ 765 E,1
Gordon Ave @ 336 E,1
3500 S / Chatterleigh Dr,1
Redwood Rd / 7400 S,1
Main St @ 876 S    (Centerville),1
Triumph Blvd / Ridge Dr,1
4700 S @ 2821 W,1
Highway 198 @ 385 N,1
Fort Union Blvd @ 2258 E,1
13Th St @ 708 S,1
3100 S @ 3248 W,1
State St @ 8360 S,1
200 E @ 916 S,1
5600 W @ 4390 S,1
Main St @ 307 N,1
13Th St @ 1150 S,1
Cougar Ln @ 5576 S,1
200 E @ 551 S,1
Highland Dr @ 5075 S,1
4800 W @ 4505 S,1
GRIZZLY WAY @ 8461 S,1
State Highway 51 @ 1796 S,1
Main St @ 471 N,1
1000 W @ 1237 N,1
Orchard Dr @ 905 S,1
Main St / Columbia Village,1
Orchard Dr @ 85 N    (N. Salt Lake),1
Main St @ 98 N,1
1800 N @ 435 W,1
2200 W @ 4215 S,1
400 E @ 245 N,1
Geneva Rd @ 1161 S,1
2700 W @ 5485 S,1
1300 E @ 3643 S,1
Redwood Rd @ 8914 S,1
4800 W @ 4291 S,1
4000 W @ 3782 S,1
4500 S @ 740 E,1
Wall Ave @ 2658 S,1
Cougar Ln @ 6735 S,1
900 E / Holly Ave,1
University Pkwy / 400 W,1
Holladay Blvd @ 4730 S,1
1200 N @ 762 E,1
River Front Pkwy @ 11220 S,1
Adams Ave Pkwy / 5300 S,1
Heritage Park Blvd @ 764 W,1
Fairfield Rd @ 748 N,1
Main St @ 1201 N    (Centerville),1
2300 E @ 3545 S,1
Main St @ 1325 S,1
Harrison Blvd @ 5220 S,1
1600 N @ 1035 W,1
1730 S @ 4695 W,1
1700 E @ 1797 S,1
Murray Blvd @ 5039 S,1
Orchard Dr @ 3301 S,1
4700 S @ 1546 W,1
2000 W / 2200 N,1
California Ave @ 1602 W,1
Highland Dr @ 4350 S,1
Highland Dr @ 5719 S,1
400 E @ 1057 N,1
200 W @ 60 N,1
3300 S @ 3174 E,1
6200 S @ 4476 W,1
100 W @ 397 S,1
Main St / Hillside Ave,1
5400 S / Bastile Dr,1
1300 E @ 4850 S,1
700 E / 12300 S,1
Highland Dr @ 3128 S,1
900 W / Riley Cir,1
4500 S @ 2322 E,1
State St @ 7725 S,1
Main St @ 402 S   (Centerville),1
2600 N @ 549 W,1
Orchard Dr @ 1085 S,1
4400 S / 2050 W,1
1300 E @ 2680 S,1
2100 W / 1730 N,1
400 E @ 1490 N,1
Main St @ 736 S,1
2000 E @ 2741 S,1
Orchard Dr @ 2641 S,1
Monroe Blvd @ 2334 S,1
400 N @ 272 E    (Ogden),1
1200 N @ 761 E,1
400 S @ 1234 W,1
Highland Dr @ 5451 S,1
100 N @ 64 W,1
11000 N @ 5331 W,1
Main St @ 956 N,1
2700 W @ 5410 S,1
Redwood Rd @ 9283 S,1
2Nd St @ 861 E,1
1600 N @ 694 E,1
Main St. @ 750 S.,1
200 E @ 681 S,1
17Th St @ 135 W   (Ogden Garage),1
300 W @ 870 N,1
Balsa Ave @ 5387 W,1
Hill Field Rd @ 1890 N,1
1800 N @ 820 W,1
Dixie Dr @ 6383 S,1
7000 S @ 4967 W,1
Antelope Dr / 1700 W,1
Main St @ 395 N,1
Main St @ 2155 N    (Centerville),1
Center St @ 369 E,1
4500 S @ 360 E,1
State St @ 8848 S,1
Jimmy Doolittle Rd @ 346 N,1
13Th St @ 1500 S,1
Redwood Rd / 4350 S,1
4400 S / 900 W,1
300 W / 1830 S,1
Fort Lane @ 575 S,1
1500 W @ 2249 N,1
3500 W / 5900 S,1
300 W @ 805 N,1
4800 W @ 3485 S,1
1900 E @ 886 S,1
1700 S @ 313 E,1
1300 E @ 4845 S,1
Center St / 150 E,1
4500 S @ 1004 E,1
1700 E @ 2686 S,1
Monroe Blvd @ 719 S,1
1600 N @ 278 W,1
State St @ 8003 S,1
30Th St @ 1210 E,1
Main St @ 2212 N,1
State St @ 5435 S,1
1300 E @ 4605 S,1
1300 E @ 5656 S,1
Harrison Blvd @ 2095 S,1
Edgehill St @ 2808 S,1
University Pkwy @ 2100 N,1
Highland Dr @ 6360 S,1
2700 W @ 7795 S,1
Beck Street @ 1778 N,1
3500 W / 5000 S,1
300 E / 4600 S,1
100 N @ 444 E,1
Orchard Dr @ 3110 S,1
Center St @ 2915 W,1
3100 S @ 3157 W,1
State St @ 5400 S,1
Main St @ 325 S,1
Main St @ 485 N,1
9400 S @ 1285 E,1
1900 W @ 4805 S,1
1300 E @ 5941 S,1
Wall Ave / 25th St,1
Main St @ 109 N,1
1600 N @ 525 W,1
300 W @ 798 N,1
3800 S @ 2520 W,1
Main St @ 836 S,1
Fort Union Blvd @ 1811 E,1
Highland Dr @ 3020 S,1
Peruvian Lodge (Up),1
1700 E @ 2501 S,1
9000 S @ 3480 W,1
North Temple @ 1458 W,1
30Th St @ 448 E,1
1000 W @ 620 N,1
Main St @ 780 N (Layton),1
2700 N @ 1670 W,1
400 S @ 10 W,1
1000 W @ 1088 N,1
4000 W @ 8070 S,1
Main St @ 295 S,1
2200 W @ 4321 S,1
1300 E @ 5570 S,1
Redwood Rd @ 9593 S,1
Express Way Lane @ 1211 E,1
Foothill Dr / VA Building 2,1
400 E @ 910 S,1
Fairfield Rd @ 240 N,1
3100 S @ 4381 W,1
3500 W / 6000 S,1
1300 E @ 4229 S,1
Main St @ 560 S,1
3300 S @ 2465 E,1
Fairfield Rd @ 55 S,1
Heritage Park Blvd @ 918 W,1
4300 S / 350 E,1
600 N @ 111 W,1
Us Hwy 89 @ 850 N,1
12Th St @ 451 W       (Ogden),1
900 E / Woodshire Ave,1
Monroe Blvd @ 677 N    (Ogden),1
2300 E @ 4629 S,1
950 S @ 665 W,1
Pennsylvania Ave / Wadman Dr,1
4800 W @ 3295 S,1
1900 E @ 1119 S,1
4980 W @ 4869 S,1
Spruces (Down),1
Stansbury Parkway @ 470 W,1
Main St / 200 W,1
1730 S @ 4512 W,1
1050 E / 2600 N,1
1000 W @ 21 S,1
Research Way @ 1224 N,1
State St @ 9673,1
Highland Dr @ 5238 S,1
6200 S @ 2652 W,1
Us Hwy 89 @ 1050 N,1
Highland Dr @ 3706 S,1
Virginia St / 3rd Ave,1
Highland Dr @ 8620 S,1
Harrison Blvd @ 708 S,1
State St @ 860 E,1
Main St. @ 658 S,1
Dixie Dr @ 6868 S,1
1500 E @ 813 S ,1
Redwood Rd @ 4272 S,1
Jordan Gateway / 10000 S,1
3100 S @ 2801 W,1
Hill Field Rd @ 2875 N,1
Center St @ 2084 W,1
South Jordan Pkwy @ 428 W,1
3600 W / 2450 S,1
11000 N @ 6351 W,1
Fairfield Rd @ 242 N,1
6200 S @ 3052 W,1
Main St @ 306 N,1
Main St @ 1474 N,1
2000 W / Heritage Pkwy,1
Kiesel Ave / 23rd St,1
12Th Street @ 472 E   (Ogden),1
1300 E @ 4010 S,1
6200 S @ 3150 W,1
1000 W @ 510 N,1
Murray Blvd @ 5026 S,1
4100 S / Charles Dr,1
Fort Union Blvd @ 2194 E,1
State St @ 9646 S,1
University Pkwy @ 2526 N,1
River Front Pkwy / 10700 S,1
Antelope Dr @ 415 W,1
Midland Dr / 4000 S,1
200 E @ 185 S,1
1700 S @ 9 W,1
Main St @ 1472 N,1
2700 W @ 5737 S,1
800 E @ 455 N,1
Taylor Ave @ 3025 S,1
Wasatch Blvd @ 4280 S,1
North St / Washington Blvd,1
Main St @ 1705 N,1
Main St @ 230 N,1
4000 W @ 8480 S,1
22Nd St @ 370 E,1
Us Hwy 89 @ 2185 N,1
Us Hwy 89 @ 1995 N,1
2700 W @ 7531 S,1
3000 E @ 6950 S,1
3500 W / 5225 S,1
Lake Park Blvd @ 4171 W,1
1200 W / 1200 N,1
13Th St @ 1213 S,1
Foothill Dr @ 2050 S,1
State St @ 400 N,1
Fort Union Blvd @ 2841 E,1
500 W @ 281 S,1
1300 E @ 3128 S,1
9000 S @ 3784 W,1
Dixie Dr @ 6394 S,1
4500 S @ 2926 E,1
3300 S / 2900 E,1
Fort Union Blvd @ 589 E,1
4800 W @ 4053 S,1
Main St @ 2024 S   (Bountiful),1
1900 E @ 901 S,1
Hill Field Rd @ 1891 N,1
Harrison Ave @ 880 S,1
2200 W @ 4137 S,1
2700 W @ 4191 S,1
2000 E @ 2831 S,1
Us Hwy 89 @ 775 N,1
200 E @ 1201 S,1
3100 S @ 3555 W,1
Hill Field Rd @ 2085 N,1
Grizzly Way @ 7366 S,1
9000 S @ 3805 W,1
3650 W / 5550 S,1
Fort Union Blvd @ 1535 E,1
2Nd St @ 481 E,1
Main St @ 575 S,1
13Th St @ 710 S   (North Gate Freeport Center),1
Cougar Ln @ 6016 S,1
2550 N @ 1520 W,1
Redwood Rd / Bora Bora Dr / Drake L,1
Highland Dr @ 6800 S,1
4015 W @ 5107 S,1
500 W @ 4609 S,1
2000 W / 100 N,1
1700 S @ 1264 E,1
36Th St @ 695 E,1
2100 S / 1045 W,1
5300 S / 700 E,1
6200 S @ 4018 W,1
Main St @ 101 S   (Brigham City),1
1700 E @ 1855 S,1
4015 W @ 5138 S,1
3300 S @ 1218 E,1
Antelope Dr @ 925 W,1
Kiesel Ave / 22nd St,1
Pieper Blvd @ 5111 S,1
200 W @ 185 S,1
400 S @ 195 E,1
River Front Pky @ 10834 S,1
Park Ln / Lagoon Dr,1
9091 S @ 1098 E,1
Harrison Blvd /12th St (Down),1
1200 W @ 1064 S,1
Wall Ave @ 635 S,1
1450 S @ 1761 E ,1
Main St @ 198 S,1
1700 S @ 1488 E,1
2000 W / 1175 S,1
Main St @ 605 S,1
4100 S / 4400 W,1
Fairfield Rd @ 915 N,1
US HWY 89 @ 6005 S,1
Main St @ 1236 N,1
3300 S @ 2608 E,1
Main St @ 1199 S   (Bountiful),1
Antelope Dr / 300 W,1
1200 W @ 1085 N,1
Wall Ave @ 668 S,1
1300 E @ 4927 S,1
Temple Drive @ 10474 S,1
Antelope Dr / Bluff Ridge Dr,1
Monroe Blvd @ 1980 S,1
400 E @ 296 N,1
University Village West,1
University Pkwy / Main St,1
3100 S @ 4150 W,1
Fort Union Blvd @ 1620 E,1
2300 E @ 4551 S,1
400 E @ 20 S,1
300 W / 2100 S,1
400 E @ 701 N,1
Wolf Creek Resort (Down),1
Main St @ 1320 N   (Farmington Shep,1
Amelia Earhart Dr @ 5555 W,1
4500 S @ 2801 E,1
900 E / 6400 S,1
500 E / Penney Ave,1
Grizzly Way @ 7093 S,1
Us Hwy 89 @ 551 N,1
800 E @ 595 N,1
Chambers St / Daybreak Dr,1
Main St @ 2015 S   (Bountiful),1
7800 S @ 270 E,1
Dixie Dr @ 6593 S,1
30Th St @ 1005 E,1
2300 E @ 3470 S,1
1700 S @ 1079 E,1
Antelope Dr / Marilyn Dr,1
Hill Field Rd @ 1596 N,1
1500 E @ 1305 S,1
500 W @ 2348 S,1
Us Hwy 89 @ 2959 S,1
Fort Union Blvd @ 220 E,1
1300 E @ 5158 S,1
State St @ 8516 S,1
Main St @ 1198 N   (Centerville),1
3300 S @ 2102 E,1
700 W @ 4472 S,1
State St @ 6651 S,1
State St / 1950 N,1
1200 W @ 375 N    (Ogden),1
Redwood Rd @ 8405 S,1
4000 W @ 3857 S,1
Medical Dr @ 655 E,1
Main St @ 140 S,1
Main St @ 510 S,1
Center St @ 548 W,1
1000 W @ 519 N,1
State St @ 8999 S,1
Main St @ 3427 S,1
Winchester Dr @ 1198 W,1
Main St @ 1710 N,1
36Th St @ 604 E,1
State St @ 6206 S,1
4800 West @ 10080 N,1
2300 E @ 3998 S,1
1500 E @ 1505 S,1
Highland Dr. @ 7420 S,1
12Th St @ 184 W    (Ogden),1
3100 S @ 3940 W,1
Mountain Green Sinclair (Up),1
South Jordan Gateway @ 10428 S,1
6200 S @ 2685 W,1
State Rd @ 742 S,1
21St St @ 271 E   (Ogden),1
Medical Dr  @ 1050 S,1
Main St @ 2001 N,1
Main St @ 229 N,1
400 E @ 1405 N,1
Main St @ 167 N,1
Main St @ 1 S    (Brigham City),1
Pioneer Rd / 700 E,1
6200 S @ 3363 W,1
Grizzly Way @ 7381 S,1
Wall Ave @ 315 N,1
Highland Dr @ 5239 S,1
300 W @ 716 N,1
State St @ 7337 S,1
2700 W @ 4791 S,1
State St @ 8721 S,1
Main St @ 145 N,1
36Th St @ 460 E,1
4500 S @ 1098 E,1
3900 S @ 2232 E (LDS Church P&R Lot,1
1200 W @ 1387 N,1
Orchard Dr @ 3998 S,1
3900 S @ 2722 E,1
Highland Dr @ 4670 S,1
Main St @ 1056 S,1
Us Hwy 89 @ 1275 N,1
3300 S / Imperial St,1
400 E @ 675 N,1
24th St / D Ave,1
University Pkwy / 200 W,1
23rd St / Lincoln Ave,1
100 N @ 890 E,1
State St @ 2354 S,1
6200 S @ 4485 W,1
7800 S @ 435 E,1
4500 S @ 2411 E,1
1900 W @ 5069 S,1
South Jordan Pkwy @ 1667 W,1
Chipeta Way / 450 S,1
2000 W / SR-193,1
Fort Union Blvd @ 1701 E,1
Center St @ 745 E,1
400 E @ 148 N,1
Harrison Blvd @ 4620 S,1
Harrison Blvd @ 4605 S   (Ogden),1
1500 E @ 971 S ,1
2000 W / 1400 S,1
1900 W @ 5819 S,1
Main St @ 315 N,1
3900 S @ 810 E,1
1900 W @ 4702 S,1
STATE ST @ 7782 S,1
Chase Ln @ 50 E,1
1700 S @ 520 E,1
Main St @ 161 S,1
Monroe Blvd @ 2814 S   (Ogden),1
Washington Blvd / 2100 N,1
1300 E @ 4650 S,1
4980 W @ 4983 S,1
9000 S @ 4820 W,1
1300 E @ 1078 S,1
1600 N @ 567 E,1
4800 W @ 3169 S,1
2600 N / 600 E,1
Wall Ave @ 934 S,1
State St @ 5775 S,1
1300 E @ 5250 S,1
1900 E @ 1619 S,1
Highland Dr @ 3401 S,1
State St @ 5980 S,1
4000 W @ 4036 S,1
2200 W @ 4626 S,1
Wall Ave @ 186 N,0
3100 S @ 3486 W,0
State Rd @ 1076 N,0
Main St @ 383 N,0
Main St @ 1951 N,0
State St @ 676 W,0
400 S @ 96 W,0
Constitution Blvd @ 2938 S,0
3000 E @ 6518 S,0
Grizzly Way @ 7981 S,0
Grizzly Way @ 8750 S,0
Center St @ 621 E,0
200 E @ 1373 S,0
Parkway Blvd @ 3501 W,0
1500 E @ 981 S,0
Parkway Blvd @ 3143 W,0
Wiley Post Way @ 5370 W,0
7000 S @ 5292 W,0
200 E @ 690 S,0
1200 W @ 726 S    (Ogden),0
Monroe Blvd @ 1220 S,0
100 E @ 1446 N,0
400 S / 550 E for Trolley Stn,0
Washington Blvd / 1600 N,0
Us Hwy 89 @ 3104 S,0
500 E @ 375 N,0
Main St @ 16 S,0
Parkway Blvd @ 3150 W,0
9000 S @ 843 E,0
2000 E @ 2828 S,0
Main St @ 401 S ,0
Temple Drive @ 10770 S,0
4000 W @ 3936 S,0
Fairfield Rd. @ 411 N.,0
Us Hwy 89 @ 2020 N,0
Hinckley Dr / 1325 W,0
Main St @ 819 S,0
Wall Ave @ 1087 S,0
920 S @ 328 W,0
2700 W @ 6102 S,0
Holladay Blvd @ 4814 S,0
River Front Pkwy @ 10995 S,0
2000 E @ 3166 S,0
Main St @ 395 S,0
Us Hwy 89 @ 735 N,0
1500 E @ 998 S,0
12Th St @ 460 W    (Ogden),0
Balsa Ave @ 5560 W,0
Holladay Blvd @ 5385 S,0
Main St @ 999 S,0
4800 W @ 4506 S,0
4000 W @ 8260 S,0
4015 W @ 5790 S,0
Salt Lake Central Station (Arrival),0
Main St @ 3050 N,0
4700 S @ 5276 W,0
4500 S @ 1200 E,0
400 E @ 55 S,0
4800 W @ 3416 S,0
Centennial Pkwy @ 10152 S,0
2700 W @ 5928 S,0
Main St @ 210 S,0
1600 N @ 755 W,0
Highland Dr @ 3470 S,0
Main St @ 157 N,0
Monroe Blvd @ 2910 S,0
Jordan Gateway / Ultradent Dr,0
1300 E @ 4240 S,0
500 W @ 344 S,0
2700 W @ 7022 S,0
Wasatch Blvd @ 4470 S,0
4100 S  / Bangerter Hwy,0
Us Hwy 89 @ 6900 S,0
Us Hwy 89 @ 3950 N,0
1350 W @ 2331 N,0
4000 W @ 8570 S,0
Constitution Blvd @ 4031 S,0
3100 S @ 3061 W,0
Main St @ 1275 N,0
2300 E @ 3375 S,0
Redwood Rd @ 9994 S,0
Clernates Dr @ 6857 S,0
University Ave @ 283 N,0
2300 E @ 4093 S,0
Main St @ 989 N,0
400 E @ 1440 N,0
State St @ 9345 S,0
4800 W @ 4248 S,0
Chase Ln @ 390 E,0
California Ave @ 1862 W,0
Redwood Rd @ 8553 S,0
Fairfield Rd @ 951 N,0
Medical Dr @ 425 S,0
200 E @ 1110 S,0
1500 E @ 1420 S,0
400 E @ 620 N,0
Harvest Hills Blvd @ 224 ,0
Main St @ 410 N,0
900 S / 200 W for 900 S Stn,0
Orchard Dr @ 1090 S,0
Grizzly Way @ 8731 S,0
500 E @ 347 N,0
State St @ 8110 S,0
100 W @ 170 S,0
4800 W @ 4115 S,0
State St @ 95 W,0
1300 E @ 4940 S,0
Highland Dr @ 3820 S,0
1300 E @ 4152 S,0
Foothill Dr @ 1720 S,0
4715 S @ 4036 W,0
1700 E @ 1958 S,0
1730 S @ 5088 W,0
Us Hwy 89 @ 2295 S    (Perry),0
Main St @ 889 S,0
4800 W @ 3180 S,0
3900 S @ 599 E,0
Holladay Blvd @ 5571 S,0
2175 W / 4250 S,0
Amelia Earhart Dr @ 5530 W,0
Lagoon Shuttle Pick up/Drop off,0
Murray Holladay Rd @ 1315 E,0
2000 W @ 1285 S,0
1300 E @ 6330 S,0
Wiley Post Way @ 4860 W,0
1730 S @ 4815 W,0
26th St / Wall Ave,0
2Nd St @ 952 E,0
Us Hwy 89 @ 6530 S   (Uintah),0
13Th St @ 1166 S,0
Constitution Blvd @ 2770 S,0
1700 E @ 1884 S,0
Us Hwy 89 @ 115 N,0
Us Hwy 89 @ 8697 S,0
Billy Mitchell Rd @ 570 N,0
2000 E @ 2990 S,0
Ridgeline Dr @ 6024 E,0
Monroe Blvd @ 2970 S,0
400 E @ 347 N,0
Old Bingham Hwy @ 4362 W,0
Arapeen Dr / 800 S,0
South Jordan Pkwy @ 1526 W,0
1300 E @ 3588 S,0
Main St @ 220 S,0
500 S @ 424 E,0
2000 W / 1520 N,0
12Th St @ 180 E,0
Holladay Blvd @ 5701 S,0
Stansbury Parkway @ 188 W,0
Main St @ 1663 N  (Farmington),0
Us Hwy 89 @ 1065 E,0
100 N @ 875 E,0
2700 W @ 5730 S,0
1100 N @ 609 E,0
1900 E @ 1218 S,0
Fort Union Blvd @ 221 E,0
4000 W @ 3621 S,0
6200 S @ 3501 W,0
2700 W @ 4184 S,0
Sunnyside Ave @ 2134 E,0
Medical Dr @ 401 E,0
Crestwood Dr @ 348 E,0
1500 E @ 1568 S,0
Us Hwy 89 @ 2050 S,0
36Th St @ 825 E,0
Main St @ 369 S,0
Redwood Rd @ 8739 S,0
Holladay Blvd @ 5714 S,0
Lake Park Blvd @ 4647 W,0
Main St @ 1180 S,0
Us-89 @ 3807 N    (Plesant View),0
36th St / Van Buren,0
1300 E @ 1418 S,0
4700 S @ 1302 W,0
Fort Union Blvd @ 1212 E,0
200 E @ 498 S,0
1200 W @ 700 S,0
Us Hwy 89 @ 1060 N,0
Fairfield Rd @ 1099 N,0
Parkway Blvd @ 3500 W,0
Amelia Earhart Dr @ 5850 W,0
3900 S @ 2484 E,0
4400 S @ 1622 W,0
Grizzly Way @ 8292 S,0
12Th St @ 250 E,0
Wasatch Dr / Exploration Way,0
Us Hwy 89 @ 2200 N,0
200 W @ 305 S,0
4800 W @ 9253 S,0
1900 E @ 986 S,0
1350 W @ 2485 N,0
Fairfield Rd @ 454 S,0
4800 W @ 3777 S,0
Main St @ 814 N,0
Us Hwy 89 @ 1545 N,0
Lake Park Blvd @ 4781 W,0
4500 S @ 3064 E,0
1700 S / Bennett Rd,0
Main St @ 311 S,0
Farifield @ 420 N,0
Mill Rd @ 238 N,0
Crestwood Dr @ 498 E,0
1900 E @ 991 S,0
Fairfield Rd @ 389 S,0
Harrison Blvd @ 250 S,0
Billy Mitchell Rd @ 456 N,0
4800 W @ 3790 S,0
4400 S @ 1701 W      (Roy),0
920 S @ 331 W,0
6200 S @ 3534 W,0
Balsa Ave @ 5380 W,0
Cougar Ln @ 6314 S,0
Fort Union Blvd @ 486 E,0
200 W @ 1 S,0
Harrison Blvd @ 2225 S,0
Main St @ 310 S,0
Harrison Blvd @ 2581 S    (Ogden),0
12Th St @ 1151 W,0
Fort Union Blvd @ 2140 E,0
2200 W / 5650 S,0
Highland Dr @ 5912 S,0
Amazon Fulfillment Center (W),0
Monroe Blvd @ 1395 S,0
3900 S @ 1880 E,0
1300 W @ 6286 S,0
Fairfield Rd @ 608 N,0
Washington Blvd / 1000 N,0
6200 S @ 4662 W,0
Winchester Dr @ 1208 W,0
4800 W @ 4563 S,0
Orchard Dr @ 156 N,0
Us Hwy 89 @ 7715 S,0
Mountain Road @ 849 S,0
Main St @ 627 S,0
4000 S / 2225 W,0
3100 S @ 2931 W,0
Highway 193 @ 937 E,0
Antelope Dr / 600 W,0
Grizzly Way @ 7227 S,0
Harold Gatty Dr @ 5825 W,0
Main St @ 1060 N,0
12Th St @ 309 W    (Ogden),0
Us Hwy 89 @ 2625 S,0
4400 S @ 1198 W,0
Main St @ 2002 N    (Sunset),0
1300 E @ 3428 S,0
Gordon Ave @ 54 W,0
Main St / Center St,0
Wall Ave @ 896 S,0
4800 W @ 3930 S,0
13Th St @ 870 S,0
3rd Ave / R St,0
Main St @ 970 N,0
Gordon Ave @ 289 E,0
Highway 89 @ 6201 S,0
Amelia Earhart Dr @ 5191 W,0
30Th St @ 915 E,0
Little Cottonwood Rd @ 2735 E,0
2700 W @ 5300 S,0
Centennial Pkwy @ 10115 S,0
1300 E @ 3593 S,0
Wall Ave @ 215 S,0
400 E @ 738 N,0
State St @ 151 S   (Clearfield),0
2600 N @ 1610 W,0
Amelia Earhart Dr @ 5401 W,0
Us Hwy 89 @ 2925 S   (Perry),0
Us Hwy 89 @ 808 N,0
12Th St @ 820 W,0
1000 E @ 1582 S,0
North County Blvd @ 10900 N,0
Highway 89 @ 1645 S,0
Wall Ave @ 1530 S,0
Adobe,0
Us Hwy 89 @ 7430 S,0
Lakeview Pkwy / Mike Jense Pkwy,0
Fairfield Rd @ 221 N,0
Harrison Blvd @ 1590 S,0
Pieper Blvd @ 5024 S,0
North Temple @ 1193 W,0
900 E @ 390 S,0
Pioneer Rd @ 1507 S,0
State St / Lakeview Pkwy,0
9000 S @ 5156 W,0
1700 E @ 1794 S,0
1300 E @ 6538 S,0
4000 W @ 8055 S,0
6200 S @ 2278 W,0
1000 E @ 1599 S,0
36Th St @ 780 E,0
2700 W @ 6971 S,0
Fort Union Blvd @ 1720 E,0
2300 E @ 4158 S,0
Orchard Dr @ 1625 S,0
Us Hwy 89 @ 7920 S,0
1730 S @ 4816 W,0
Atherton Dr @ 4501 S,0
Us Hwy 89 @ 2860 S,0
4800 W @ 4180 S,0
Holladay Blvd @ 4963 S,0
2000 W / 1630 N,0
Amelia Earhart Dr @ 5950 W,0
Jimmy Doolittle Rd @ 565 N,0
2700 W @ 6900 S,0
Main St @ 1300 N,0
Highland Dr @ 5704 S,0
Us Hwy 89 @ 361 N,0
400 E @ 90 S,0
Orchard Dr @ 98 N,0
Holladay Blvd. @ 4894 S,0
Cougar Ln @ 6746 S,0
Us Hwy 89 @ 2710 N,0
Main St @ 404 S,0
Us Hwy 89 @ 3725 S,0
Murray Holladay Rd @ 1988 E,0
Holladay Blvd @ 4833 S,0
Wall Ave @ 310 N,0
Stansbury Parkway @ 465 W,0
Harrison Blvd @ 437 S,0
California Ave @ 2125 W,0
1700 E @ 1933 S,0
1350 W @ 2150 N,0
Us Hwy 89 @ 8710 S,0
3200 W / Wright Ln,0
Fort Union Blvd @ 594 E,0
10000 S / Centennial Pkwy,0
Harrison Blvd @ 3955 S,0
1900 W / 3900 S,0
4800 W @ 4177 S,0
1700 S @ 611 E,0
Fairfield Rd @ 735 N,0
State St @ 5311 S,0
Fort Union Blvd @ 1810 E,0
3100 S @ 3821 W,0
Main St @ 846 S,0
Gordon Ave @ 58 E,0
4400 S @ 1587 W         (Roy),0
Holladay Blvd @ 5930 S,0
1000 W @ 1057 N,0
Main St @ 209 S,0
400 E @ 105 S,0
1300 E @ 3758 S,0
400 E @ 551 S,0
Washington Blvd / 2250 N,0
Mt Timpanogos Blvd @ 899 N,0
Monroe Blvd @ 1440 S,0
Temple Drive @ 11220 S,0
Main St @ 917 S,0
2700 S @ 5415 W,0
Gordon Ave @ 40 W,0
Fairfield Rd @ 340 N,0
State St @ 571 S,0
3900 S @ 2022 E,0
State St @ 7650 S,0
1500 E @ 1080 S,0
Orchard Dr @ 530 S,0
4000 W @ 4206 S,0
1300 W @ 6471 S,0
9000 S @ 5167 W,0
1300 E @ 3435 S,0
3300 S @ 2828 E,0
4800 W @ 4068 S,0
Main St @ 206 N,0
State St @ 8266 S,0
Center St @ 970 W,0
Main St @ 20 N,0
State St @ 8028 S,0
Constitution Blvd @ 3830 S,0
6200 S / Wakefield Way,0
Us Hwy 89 @ 798 N,0
300 W / Gregson Ave,0
Antelope Dr @ 759 W,0
5600 W / 4400 S,0
Foothill Dr @ 1520 S,0
13Th St @ 905 S ,0
Parkway Blvd @ 2980 W,0
Main St @ 800 S,0
Us Hwy 89 @ 3460 S,0
3900 S @ 3290 E,0
Wiley Post Way @ 4815 W,0
4800 W @ 3611 S,0
4700 S @ 5040 W,0
400 E @ 770 N,0
Main St @ 1322 S,0
Gordon Ave @ 365 W,0
Fairfield Rd @ 301 S,0
900 N / 800 E for BYU S Campus,0
Us Hwy 89 @ 8615 S,0
24th St / B Ave,0
Main St @ 898 N,0
4000 W @ 8330 S,0
2300 E @ 3780 S,0
Lake Park Blvd @ 2473 S,0
1000 W @ 141 N,0
36Th St @ 595 E,0
4400 S / 2175 W,0
22Nd St @ 276 E,0
3300 S @ 3128 E,0
1300 E @ 6430 S,0
Dixie Dr @ 6702 S,0
Holladay Blvd. @ 5270 S,0
3850 W @ 2480 S,0
State St @ 5590 S,0
Redwood Rd @ 10198 S,0
Pioneer Rd @ 1675 S,0
1300 E @ 4084 S,0
2700 W @ 5075 S,0
12Th St @ 275 E,0
200 E @ 461 S,0
Us Hwy 89 @ 7925 S,0
4000 W @ 3720 S,0
Main St @ 1779 N,0
4800 W @ 4286 S,0
Fort Union Blvd @ 2109 E,0
4100 S / Bangerter Hwy,0
Temple Drive @ 11215 S,0
Harrison Blvd @ 2710 S,0
1450 S @ 1760 E ,0
1700 E @ 2498 S,0
Center St @ 139 E,0
2400 S @ 3860 W,0
Clernates Dr @ 6399 S,0
2300 E @ 4402 S,0
Main St @ 1590 N,0
Main St / 1600 N,0
Main St @ 770 N,0
1300 E @ 4450 S,0
Monroe Blvd @ 400 S,0
900 E @ 534 S,0
1000 E @ 7555 S,0
2000 W / 1300 N,0
Main St @ 846 N,0
Orchard Dr @ 171 S,0
100 E @ 2148 N,0
Fort Union Blvd @ 2474 E,0
Lake Park Blvd @ 4646 W,0
900 E / 400 S for 900 East Stn,0
Cougar Ln @ 6558 S,0
Monroe Blvd @ 2909 S,0
Winchester St @ 1014 W,0
State St @ 5680 S,0
1700 E @ 2255 S,0
Main St @ 112 N,0
Wiley Post Way @ 4910 W,0
1900 E @ 1558 S,0
Redwood Rd @ 1461 N,0
Main St @ 305 N,0
4700 S @ 4622 W,0
4000 W @ 3535 S,0
11000 N @ 6350 W,0
1800 N @ 474 W,0
Foothill Dr / Michigan Ave,0
2175 W / 4400 S,0
University Park Blvd @ 2388 N,0
Monroe Blvd @ 2619 S,0
4500 S @ 3101 E,0
4700 S @ 1176 W,0
Pony Express Pky @ 3917 E,0
Highland Dr @ 8291 S,0
400 E @ 710 S,0
Main St @ 1806 N,0
7800 S @ 175 E,0
800 W @ 960 S,0
4500 S @ 2578 E,0
1000 E @ 7665 S,0
Main St @ 1175 S   (Brigham City),0
Lincoln Ave / 24th St,0
Pioneer Rd @ 1450 S,0
Fairfield Rd @ 447 N,0
Harrison Blvd @ 2903 S    (Ogden),0
Fairfield Rd @ 844 N,0
1500 W @ 2437 N,0
Us Hwy 89 @ 2295 N,0
Harrison Blvd / 25th St,0
2700 W @ 5821 S,0
Power Station,0
3900 S @ 2944 E,0
Harrison Blvd @ 452 S,0
400 N @ 110 E,0
2000 W / 750 N,0
Holladay Blvd. @ 5160 S,0
3000 E @ 6723 S,0
30Th St @ 770 E,0
400 E @ 990 N,0
Orchard Dr @ 4096 S,0
North Temple @ 988 W,0
1000 W @ 1485 N,0
Redwood Rd @ 9545 S,0
Us Hwy 89 @ 1400 E,0
Redwood Rd @ 8655 S,0
Fort Union Blvd @ 1892 E,0
Wright Brothers Dr @ 359 N,0
1900 W / 4200 S,0
2700 W @ 4998 S,0
Orchard Dr @ 655 S,0
1200 W @ 1120 N,0
Constitution Blvd @ 2880 S,0
Main St @ 1475 N,0
3900 S @ 994 E,0
4800 W @ 3848 S,0
State St @ 1444 S,0
Fairfield Rd @ 1124 N,0
800 E @ 558 N,0
2000 E @ 3082 S,0
Hwy 193 @ 1161  W,0
Mountain Rd @ 178 S,0
5600 W / 4500 S,0
2Nd St @ 472 E,0
800 E @ 621 S,0
Mountain Rd @ 185 S,0
Holladay Blvd @ 4962 S,0
Main St @ 789 N,0
Fairfield Rd @ 325 N,0
1730 S @ 4598 W,0
Main St. @ 940 S.,0
2300 E @ 4279 S,0
2400 W @ 135 S,0
400 E @ 715 S,0
Us Hwy 89 @ 782 S,0
2200 W @ 85 N,0
Main St @ 1455 N,0
3900 S @ 3080 E,0
4400 S @ 1197 W    (Riverdale),0
Mountain Green Sinclair (Down),0
State St @ 361 W,0
Redwood Rd @ 9650 S,0
North Temple St @ 2242 W,0
Main St @ 1240 S    (Bountiful),0
Beck St @ 1005 N,0
4500 S @ 2790 E,0
Cottonwood Pkwy @ 2890 E,0
4130 W @ 1775 S,0
State St @ 2390 S,0
1000 W @ 645 N,0
3100 N / 750 E,0
Monroe Blvd @ 1027 N,0
Redwood Rd / Stardust Dr,0
2600 N / 550 E,0
13Th St @ 1601 S,0
Mill Rd @ 267 N,0
4800 W @ 3845 S,0
Main St @ 479 N,0
2300 E @ 4288 S,0
Orchard Dr @ 1485 S,0
7000 S @ 5138 W,0
Highway 198 @ 502 W,0
Us Hwy 89 @ 1865 S,0
1700 S @ 407 E,0
Monroe Blvd @ 2815 S    (Ogden),0
Monroe Blvd @ 2102 S,0
Holladay Blvd @ 5277 S,0
Antelope Dr / 900 W,0
Harrison Blvd @ 5095 S   (Ogden),0
26th St / Washington Blvd,0
Midland Dr / 4275 S,0
2300 E @ 4080 S,0
2700 W @ 6055 S,0
Constitutional Blvd @ 3779 S,0
3rd Ave / A St,0
4800 W @ 10892 N,0
1200 W @ 1002 S,0
Fort Union Blvd @ 485 E,0
Wiley Post Way @ 5183 W,0
Laurel St @ 1420 E,0
Mountain Road @ 850 S (Fruit Height,0
South Pointe Dr / 5000 S,0
4800 W @ 9049 S,0
Monroe Blvd. @ 377 N,0
300 W / South Temple for Arena,0
Holladay Blvd @ 5881 S,0
1100 N @ 787 E,0
4800 W @ 4114 S,0
Redwood Rd @ 9412 S,0
Pennsylvania Ave / 2550 S,0
Antelope Dr @ 640 W,0
2700 W @ 6400 S,0
State St @ 9438 S,0
5600 W / 4250 S,0
1525 E @ 901 S,0
Stansbury Parkway @ 6675 N,0
Us Hwy 89 @ 2450 N,0
Fort Union Blvd @ 2545 E,0
Orchard Dr @ 3009 S,0
2Nd St @ 729 E,0
Alabama Ave @ 3766 W,0
1700 S @ 90 W,0
1300 E @ 6120 S,0
2700 W @ 7997 S,0
Wall Ave @ 155 N,0
Us Hwy 89 @ 1435 N,0
100 N @ 395 E,0
State St @ 388 W,0
2300 E @ 3378 S,0
River Front Pkwy @ 11309 S,0
2000 W / 550 N,0
Harrison Blvd @ 3065 S,0
Monroe Blvd @ 823 S,0
Us-89 @ 3804 N   (Pleasant View),0
1800 N @ 687 W,0
1300 E @ 3824 S,0
Vine St @ 61 E,0
11400 S @ 930 W,0
Highway 89 @ 2652 N,0
4400 S @ 1368 W,0
800 E @ 220 S,0
3300 S / El Serrito Dr,0
12Th St @ 1105 W    (Ogden - IRS),0
1500 E @ 778 S ,0
1300 W @ 6500 S,0
12Th St @ 815 W,0
2700 W @ 7809 S,0
300 E / 4700 S,0
Redwood Rd @ 9999 S,0
1800 N @ 213 W,0
Dixie Dr @ 6687 S,0
Bennion Blvd @ 2899 W,0
1300 E @ 5354 S,0
Jimmy Doolittle Rd @ 295 N,0
North Temple @ 1293 W,0
Heritage Park Blvd @ 836 W,0
4100 S / 5600 W,0
4000 W @ 8257 S,0
500 E @ 178 S,0
1600 N @ 695 E,0
2700 W @ 6549 S,0
Highway 198 @ 1902 W,0
400 E @ 56 S,0
1300 E @ 5960 S,0
2700 S @ 1836 E,0
South Jordan Pkwy @ 1523 W,0
Murray Holladay Rd @ 2102 E,0
400 E @ 1305 N,0
1300 E @ 5355 S,0
State St @ 8631 S,0
2600 N / 850 E,0
Wiley Post Way @ 5070 W,0
200 E @ 355 S,0
200 E @ 221 S,0
Chase Ln @ 30 E   (Centerville),0
1900 W / 3775 S,0
Orchard Dr @ 370 N   (N. Salt Lake),0
2800 S @ 240 E,0
4000 W @ 8140 S,0
Main St / Edison Ave,0
Holladay Blvd @ 6175 S,0
1700 E @ 2107 S,0
Harrison Blvd @ 2689 S,0
Monroe Blvd @ 2310 S,0
State Street @ 222 W,0
1700 S @ 1799 E,0
Us Hwy 89 @ 1734 S,0
1300 E @ 6295 S,0
Holladay Blvd @ 6100 S,0
Redwood Rd @ 8662 S,0
100 N @ 185 E,0
Midland Dr / 2900 W,0
9000 S @ 4841 W,0
Lincoln Ave @ 2235 S,0
1300 E @ 5460 S,0
4000 S / 2600 W,0
1300 E @ 4970 S,0
Main St @ 903 N,0
4400 S @ 1826 W,0
Main St @ 480 S,0
State St @ 6548 S,0
1200 W @ 198 S,0
Main St @ 498 N,0
500 W @ 2299 S,0
Highway 198 @ 2192 W,0
Center St @ 165 E,0
State St @ 7052 S,0
Monroe Blvd @ 2099 S,0
4100 S / Falcon St,0
Main St @ 1690 N,0
200 E @ 811 S,0
1900 E @ 1058 S,0
1300 E @ 4400 S,0
Us Hwy 89 @ 95 N   (Willard),0
Geneva Rd @ 26 S,0
2nd St @ 1105 E,0
1300 E @ 1876 S,0
Harold Gatty Dr @ 4959 W,0
Us Hwy 89 @ 370 N,0
Copper City Dr / 5400 S,0
Crestwood Dr @ 156 E,0
7000 S @ 5305 W,0
Monroe Blvd @ 2390 S,0
State St @ 5760 S,0
2000 E @ 888 S,0
Main St @ 54 S,0
12Th St @ 175 E,0
4700 S / 275 W,0
1900 E @ 1352 S,0
State St @ 3530 S,0
University Ave @ 163 N,0
Orchard Dr @ 505 S,0
Us Hwy 89 @ 6520 S,0
400 S / Redwood Rd Near-side,0
Constitution Blvd @ 3803 S,0
4700 S @ 1305 W,0
500 S / Main St for Courthouse,0
3200 W / 3900 S,0
10000 S / Monroe St,0
1800 N @ 547 W,0
200 E @ 911 S,0
2700 W @ 6867 S,0
1300 E @ 3640 S,0
4100 S / 3650 W,0
2300 E @ 3663 S,0
3600 W / 2850 S,0
4400 S @ 1150 E,0
Hwy 198 @ 741 N,0
7800 S @ 385 E,0
Harold Gatty Dr @ 5705 W,0
1700 S @ 691 E,0
1200 W @ 410 N,0
2000 E @ 3079 S,0
Constitution Blvd @ 3950 S,0
3100 S @ 3335 W,0
1050 E / 3050 N,0
450 W @ 1149 S,0
36Th St @ 710 E,0
Highway 193 @ 790 E,0
Monroe Blvd @ 2695 S,0
Park Ln. @ 319 W,0
400 N @ 101 E,0
Murray Holladay Rd @ 2248 E,0
State St / 800 W,0
Beck Street @ 1444 N,0
Arapeen Dr / Chipeta Way,0
30Th St @ 803 E,0
Holladay Blvd @ 5997 S,0
Main St @ 1065 S,0
1700 E @ 1722 S,0
Main St @ 975 N,0
Washington Blvd / 1625 N,0
1900 W @ 4589 S,0
Us Hwy 89 @ 6895 S,0
1200 W @ 251 S,0
4500 S @ 2381 E,0
Constitution Blvd @ 3939 S,0
3850 W @ 2491 S,0
Wiley Post Way @ 4905 W,0
500 E @ 201 N,0
Main St @ 1120 S,0
200 E @ 1613 S,0
13Th St @ 1000 S,0
State St @ 8249 S,0
9400 S @ 2215 E,0
Antelope Dr / Demetro Dr,0
24th St / E Ave,0
30Th St @ 1298 E,0
Temple Drive @ 10876 S,0
Chase Ln @ 230 E,0
Murray Holladay Rd @ 1910 E,0
2600 N @ 1698 W,0
3380 W @ 8756 S,0
1300 E @ 5455 S,0
Highland Dr @ 3534 S,0
400 E @ 1340 N,0
Ring Rd    (Ogden Tech) @ 200 N,0
Gordon Ave @ 571 E,0
Fairfield Rd @ 70 S,0
Billy Mitchell Rd @ 364 N,0
1900 W @ 4572 S,0
Redwood Rd @ 9304 S,0
1200 W @ 1420 N,0
1300 E @ 1419 S,0
Wall Ave @ 668 N,0
Us Hwy 89 @ 1630 S,0
Monroe Blvd @ 1575 S,0
Highway 89 @ 1101 N,0
Monroe Blvd @ 1580 S,0
200 E @ 1596 S (Farmington),0
100 N @ 601 E,0
2700 W @ 4530 S,0
2700 W @ 8000 S,0
Amelia Earhart Dr @ 5610 W,0
Fairfield Rd. @ 587 N,0
Holladay Blvd @ 6002 S,0
North Temple @ 1009 W,0
24th St / Lincoln Ave,0
2600 N @ 556 W,0
Legend Hills Dr @ 1392 S,0
200 W @ 105 S,0
Grizzly Way @ 8620 S,0
7800 S @ 948 E,0
Us Hwy 89 @ 2300 N,0
1200 W @ 973 N,0
Mountain Rd @ 498 S,0
Hill Field Rd @ 1415 N,0
7800 S @ 109 E,0
Pennsylvania Ave / Kershaw Ave,0
1950 W / 200 N,0
1200 W @ 270 S,0
Wiley Post Way @ 5225 W,0
Gordon Ave @ 180 W,0
Main St @ 1440 N,0
Redwood Rd / 9800 S,0
7000 S @ 4846 W,0
Pieper Blvd @ 5187 S,0
400 E @ 410 N,0
Main St @ 290 N,0
Gentile St @ 70 E,0
2700 W @ 4854 S,0
Dixon Drive @ 3900 S,0
2400 W @ 20 S,0
Us Hwy 89 @ 3110 N,0
Highway 198 @ 1877 W,0
400 E @ 407 S,0
1900 E @ 1061 S,0
University Pkwy @ 2343 N,0
Highland Dr @ 9156 S,0
Grizzly Way @ 7048 S,0
Grizzly Way @ 8271 S,0
California Ave @ 1645 W,0
Redwood Rd @ 8205 S,0
Cougar Ln @ 6307 S,0
5400 S / Rockford St,0
2Nd St @ 602 E,0
Highland Dr @ 5448 S,0
6235 S @ 1354 W,0
Lake Park Blvd @ 4170 W,0
1300 E @ 3500 S,0
3000 E @ 6797 S,0
1000 E @ 7670 S,0
Skyline Dr @ 1456 E,0
6200 S @ 3366 W,0
3500 S / Celebration Dr,0
State St @ 8881 S,0
6200 S @ 3185 W,0
2700 S @ 5520 W,0
1900 E @ 1150 S,0
Harrison Blvd @ 2414 S,0
4500 S @ 601 E,0
Us Hwy 89 @ 98 N    (Willard),0
Us Hwy 89 @ 610 S,0
Beck St @ 1000 N,0
Wiley Post Way @ 5067 W,0
Monroe Blvd @ 449 S,0
3900 S @ 2858 E,0
2000 E @ 2989 S,0
9000 S @ 3690 W,0
Orchard Dr @ 2461 S,0
Grizzly Way @ 7826 S,0
Gordon Ave @ 222 W,0
2700 W @ 6800 S,0
2000 W / 2220 N,0
Main St @ 470 N,0
Redwood Rd @ 9570 S,0
300 W / Lucy Ave for 1300 S,0
Highland Dr @ 8350 S,0
100 E @ 1453 N,0
Harold Gatty Dr @ 5975 W,0
3rd Ave / Virginia St,0
Holladay Blvd @ 5451 S,0
4000 W @ 4288 S,0
5600 W / 4300 S,0
Jordan Landing Blvd / Airport Cente,0
1000 W @ 1594 N,0
2700 W @ 6694 S,0
Wiley Post Way @ 5184 W,0
Center St @ 2906 W,0
2400 W @ 55 N,0
11000 N @ 5320 W,0
Us Hwy 89 @ 1300 N   (Harrisville),0
3300 S @ 1590 E,0
1600 N @ 568 E,0
Research Way @ 1243 N,0
Monroe Blvd @ 824 S,0
Grizzly Way @ 7980 S,0
11000 N @ 5799 W,0
1900 W @ 4699 S,0
4700 S @ 4820 W,0
3300 S / Honeycut Rd / Melbourne St,0
Main St @ 1029 N,0
1300 E @ 5878 S,0
State St / 300 N,0
4000 W @ 3675 S,0
3300 S @ 1585 E,0
1900 E @ 1450 S,0
2000 E @ 2939 S,0
2700 W @ 5514 S,0
State St @ 7302 S,0
Highland Dr @ 2858 S,0
Constitution Blvd @ 4124 S,0
12Th St @ 1008 W,0
30Th St @ 574 E,0
Heritage Park Blvd @ 835 W,0
Highland Dr @ 4280 S,0
3900 S @ 2108 E,0
4500 S @ 2706 E,0
Gordon Ave @ 570 E,0
North Temple St @ 2090 W,0
River Front Pkwy @ 10996 S,0
2700 W @ 6538 S,0
Us Hwy 89 @ 3750 S,0
Us Hwy 89 @ 7720 S,0
7800 S @ 225 E,0
Antelope Dr / Chelemes Way (Cl,0
900 E / Silver Shadow Dr,0
9000 S @ 603 E,0
Orchard Dr @ 2572 S,0
State St @ 7434 S,0
2300 E @ 3779 S,0
1500 E @ 1498 S,0
600 N @ 108 W,0
1500 E @ 1298 S,0
Polk Ave @ 3008 S,0
500 E @ 981 N,0
Us Hwy 89 @ 420 S,0
1950 W / 150 N,0
Us Hwy 89 @ 3010 S    (Perry),0
2700 W @ 7810 S,0
University Village East,0
Amelia Earhart Dr @ 5243 W,0
400 E / Elberta Dr,0
3200 W @ 3518 S,0
4715 S @ 4540 W,0
Constitution Blvd @ 2761 S,0
3300 S @ 2454 E,0
1500 E @ 1164 S,0
2300 E @ 3712 S,0
Little Cottonwood Rd @ 2593 E,0
2600 N / 950 E,0
7800 S @ 845 E,0
Holladay Blvd @ 5580 S,0
Monroe Blvd @ 720 S,0
1000 E @ 1480 S,0
Highland Dr @ 5002 S,0
Orchard Dr @ 228 N,0
400 S / 200 E for Library Stn,0
Gordon Ave @ 402 E,0
1900 W @ 5199 S,0
1500 E @ 1151 S,0
University Pkwy @ 2266 N,0
3900 S @ 2947 E,0
Stansbury Parkway @ 189 W,0
800 E @ 525 S,0
12Th St @ 1198 W  (Slaterville),0
Midland Dr / Canterbury Crossing Dr,0
Highland Dr @ 5610 S,0
2Nd St @ 1054 E,0
2Nd St @ 981 E,0
2Nd St @ 1182 E,0
University Ave @ 162 N,0
2200 W @ 4621 S,0
Wasatch Blvd @ 4471 S,0
Antelope Dr / 1350 W,0
4800 W @ 3565 S,0
800 S @ 680 W,0
Copper City Dr / Lodestone Ave,0
400 N @ 220 E,0
3900 S @ 1498 E,0
Main St @ 585 N,0
4000 W @ 3850 S,0
Us Hwy 89 @ 3425 S,0
Cougar Ln @ 6452 S,0
100 E @ 801 N,0
Center St @ 875 W,0
1500 E @ 1640 S,0
400 N @ 340 E,0
Main St @ 1465 N,0
Monroe Blvd @ 2692 S,0
4800 W @ 3701 S,0
2300 E @ 3528 S,0
Wright Brothers Dr @ 263 N,0
4000 W @ 4474 S,0
Lake Park Blvd @ 2476 S,0
3200 W / 3835 S,0
800 E @ 185 N,0
State Street @ 114 W,0
Antelope Dr / 1000 E (Clearfie,0
Jordan Gateway @ 10575 S,0
Main St @ 1390 N,0
Harrison Blvd @ 5010 S,0
Hill Field Rd @ 1655 N,0
3rd Ave / D St,0
400 S / Redwood Rd Far-side,0
9000 S @ 3705 W,0
Redwood Rd @ 9176 S,0
2400 W @ 1 S,0
Main St @ 751 S,0
4000 W @ 3961 S,0
1900 W @ 4902 S,0
200 E @ 810 S,0
Monroe Blvd @ 602 S,0
Fairfield Rd @ 330 S,0
1100 N @ 447 E,0
Pioneer Rd @ 1381 S,0
1100 N @ 711 East,0
Monroe Blvd @ 2189 S,0
Redwood Rd @ 8576 S,0
Us Hwy 89 @ 1430 N,0
Us Hwy 89 @ 3985 N,0
4800 W @ 4570 S,0
Us Hwy 89 @ 20 S,0
3100 S @ 4450 W,0
Monroe Blvd @ 951 N,0
1200 W @ 1020 N,0
2175 W / 4000 S,0
6200 S @ 4226 W,0
4500 S @ 2498 E,0
1900 W @ 5056 S,0
4800 W @ 4251 S,0
400 E @ 120 N,0
Dixie Dr @ 6588 S,0
Redwood Rd @ 8347 S,0
Grizzly Way @ 8873 S,0
Wall Ave @ 485 S,0
100 W @ 420 S,0
Harold Gatty Dr @ 4819 W,0
4800 W @ 3990 S,0
5600 W @ 4677 S,0
Antelope Dr @ 1055 W,0
3rd Ave / C St,0
Parkway Blvd @ 2979 W,0
Lake Park Blvd @ 4255 W,0
Orchard Dr @ 2550 S,0
North Temple St @ 2160 W,0
State St @ 1090 S,0
Monroe Blvd @ 551 N,0
Harrison Blvd @ 2610 S,0
5600 S / 3500 W,0
Wall Ave @ 1435 S,0
2700 W @ 7243 S,0
Mountain Road @ 401 N,0
2700 W @ 6387 S,0
1730 S @ 4488 W,0
Winchester St @ 990 W,0
Monroe Blvd @ 1710 S,0
1700 E @ 2005 S,0
State St @ 5500 S,0
4800 W @ 3120 S,0
Vine St @ 74 W,0
1700 S @ 271 W,0
1050 E / 2750 N,0
Centennial Pkwy @ 10048 S,0
California Ave @ 1861 W,0
Constitution Blvd @ 2915 S,0
Redwood Rd @ 8770 S,0
Jordan Gateway @ 10427 S,0
4500 S @ 2575 E,0
Holladay Blvd @ 5772 S,0
1900 W / 4125 S,0
1500 E @ 1378 S,0
Medical Dr @ 450 E,0
Harrison Blvd @ 2174 S,0
1900 E @ 1435 S,0
Us Hwy 89 @ 1560 N,0
Main St @ 904 N,0
Washington Blvd / 2175 N,0
1900 E @ 1295 S,0
Harrison Blvd @ 2403 S,0
Grizzly Way @ 7224 S,0
Crestwood Rd @ 270 E,0
2300 E @ 4185 S,0
Antelope Dr / 500 W,0
3100 S @ 4610 W,0
Grant Ave / 25th St,0
4800 W @ 3310 S,0
Wasatch Blvd @ 3990 S,0
Us Hwy 89 @ 2825 S   (Perry),0
Main St @ 510 N,0
Dixie Dr @ 6952 S,0
Us Hwy 89 @ 7395 S,0
Main St @ 595 N,0
400 N @ 221 E,0
6235 S @ 1370 W,0
200 E @ 350 S,0
Copper City Dr/Willingcott Way,0
1700 S @ 1788 E,0
4400 S @ 1607 W,0
Us Hwy 89 @ 725 S,0
9000 S @ 632 E,0
4400 S @ 1698 W,0
300 W / 1700 S,0
State St @ 8718 S,0
2300 E @ 3431 S,0
4400 S @ 1155 E,0
Grizzly Way @ 8416 S,0
Center St @ 1772 W,0
1500 W @ 2151 N,0
400 E @ 585 N,0
400 E @ 390 N,0
1500 E @ 1051 S,0
Main St @ 610 N,0
Grizzly Way @ 8916 S,0
Us Hwy 89 @ 1755 S,0
Wall Ave @ 402 S,0
3rd Ave / F St,0
2300 E @ 3630 S,0
2Nd St @ 850 E,0
800 E @ 624 S,0
4800 W @ 3991 S,0
River Front Pkwy @ 11221 S,0
1700 E @ 2224 S,0
Lake Park Blvd @ 4788 W,0
4700 S @ 5410 W,0
Holladay Blvd @ 4797 S,0
Main St @ 285 S,0
Eagle Ridge Dr @ 10 E,0
2700 W @ 6210 S,0
Highland Dr @ 8902 S,0
100 E @ 2195 N,0
Highland Dr @ 3525 S,0
Antelope Dr / 2200 W,0
2Nd St @ 724 E,0
Lake Park Blvd @ 4256 W,0
1300 E @ 6808 S,0
1300 E @ 6725 S,0
400 W / 200 N,0
3100 S @ 3366 W,0
University St / South Temple,0
4000 S / Westlake Dr,0
200 E @ 1035 S,0
Temple Drive @ 11072 S,0
400 E @ 1030 N,0
Constitution Blvd @ 4083 S,0
Wiley Post Way @ 5290 W,0
800 S @ 996 W,0
12Th St @ 760 W   (Ogden),0
3100 S @ 2800 W,0
4000 W @ 3779 S,0
California Ave @ 2330 W,0
200 N @ 125 W,0
Constitution Blvd @ 2726 S,0
Winchester Dr @ 722 W,0
4700 S @ 4200 W,0
Fort Union Blvd @ 2725 E,0
Orchard Dr @ 3555 S,0
2000 E @ 2930 S,0
1000 W @ 1236 N,0
1300 E @ 6198 S,0
Us Hwy 89 @ 2670 S,0
Us Hwy 89 @ 3147 N,0
1900 E @ 1632 S,0
Main St @ 1115 N,0
500 E @ 72 S,0
Temple Drive @ 10877 S,0
Monroe Blvd @ 801 N,0
400 E / 2700 N,0
Fairfield Rd. @ 521 N,0
1300 E @ 6535 S,0
21St St @ 312 E   (Ogden),0
3rd Ave / Canyon Rd,0
Monroe Blvd @ 2385 S,0
11000 N @ 5800 W,0
Highland Dr @ 8052 S,0
Crestwood Dr @ 400 E,0
Us Hwy 89 @ 2075 S,0
2000 W / 1100 S,0
1900 W @ 6071 S,0
Lincoln Ave @ 2250 S,0
36Th St @ 1039 E,0
Us-89 @ 1475 E,0
2700 W @ 6683 S,0
Highland Dr @ 7220 S,0
Grizzly Way @ 8377 S,0
Main St @ 2598 N,0
Pieper Blvd @ 5190 S,0
Us Hwy 89 @ 201 S,0
North Temple St @ 2375 W,0
3100 S @ 2928 W,0
Clernates Dr @ 6473 S,0
Us Hwy 89 @ 226 N,0
2Nd St @ 901 E,0
Grizzly Way @ 7761 S,0
Main St @ 493 S,0
1200 W @ 200 S,0
Main St @ 1930 S,0
Cottonwood Pkwy @ 2985 E,0
State Rd @ 1065 N,0
400 S / 900 E for 900 East Stn,0
3300 S @ 3008 E,0
Antelope Dr / 1100 W,0
3100 S @ 3078 W,0
22nd St @ 418 E,0
3000 E @ 6425 S,0
2700 W @ 6771 S,0
2700 W @ 7346 S,0
Foothill Dr @ 1810 S,0
4700 S @ 1171 W,0
State Highway 51 @ 1095 N,0
Holladay Blvd @ 5390 S,0
1050 E / 2850 N,0
Kiesel Ave between 23rd & 24th,0
4800 W @ 3668 S,0
Wall Ave @ 915 S,0
State St @ 9044 S,0
Richmond St / Zenith Ave,0
Us Hwy 89 @ 1160 N,0
State St @ 9481 S,0
MAIN ST @ 1595 N,0
Monroe Blvd @ 1715 S,0
1730 S @ 5381 W,0
4700 S @ 3460 W,0
12Th St @ 300 W    (Ogden),0
400 S / 600 E for Trolley Stn,0
Temple Drive @ 11055 S,0
Northwest Ave @ 5384 S,0
Monroe Blvd @ 625 S,0
Gordon Ave @ 409 E,0
University Ave @ 302 N,0
Pennsylvania Ave / Kershaw St,0
2000 W / 2650 N,0
Gordon Ave @ 75 E,0
3500 W / 5400 S,0
