Stop,Ridership,Downtown
Salt Lake Central Station,481,1
North Temple Station,420,1
State St / 400 S,264,1
100 S / Main St,224,1
South Temple / Main St,221,1
North Temple / 300 W,188,1
300 W / North Temple,149,1
State St / 150 S,143,1
200 S / 600 W,134,1
South Temple & West Temple,96,1
South Temple / 300 W,93,1
North Temple / State St,92,1
South Temple / 200 E,72,1
North Temple / 200 W,66,1
State St / 300 S,58,1
North Temple / 400 W,53,1
West Temple & South Temple,34,1
North Temple / Main St,30,1
400 W / 100 S,21,1
400 W / 300 S,20,1
North Temple / 150 W,18,1
Columbus Center,17,0
200 S / Rio Grande St,15,1
200 S / Main St,14,1
200 E / 150 S,14,1
200 S / State St,13,1
400 S @ 175 W,12,1
West Temple / 150 S,11,1
200 S / 200 E,10,1
Main St / North Temple,10,1
West Temple / North Temple,10,1
400 S @ 306 W,9,1
Columbus St / 500 N,7,1
400 S @ 285 W,7,1
200 E / South Temple,6,1
200 S / 300 W,5,1
400 S @ 198 W,5,1
200 S / West Temple,3,1
West Temple @ 282 S,3,1
Columbus St / 400 N,2,1
West Temple @ 305 S,2,1
West Temple / Broadway,1,1
300 W / 200 S,0,1
400 S / 200 E for Library Stn,0,1
300 W / 100 S,0,1
Salt Lake Central Station (Arrival),0,1
200 S / 200 W,0,1
300 W / South Temple for Arena,0,1
500 S / Main St for Courthouse,0,1
200 E @ 312 S,0,1
West Temple / South Temple,0,1
West Valley Central Station,1383,0
Murray Central Station,1144,0
Millcreek Station,1057,0
U Kennecott Building,513,0
U Union Building,496,0
Central Pointe Station,435,0
Fashion Place West Station,420,0
West Jordan City Center Stn,386,0
3500 S / Redwood Rd,359,0
400 S / Redwood Rd,355,0
SLCC Transit Center,353,0
Cottonwood St / Woodrow St,313,0
Redwood Rd / North Temple,310,0
U Medical Center Station,306,0
Olympus Cove P+R,292,0
University Hospital,286,0
3500 S / 8400 W,281,0
Midvale Fort Union Station,267,0
State St / 50 S,257,0
100 S / 150 E,229,0
U Presidents' Circle,202,0
Redwood Rd / 400 S,201,0
Meadowbrook Station,198,0
Redwood Rd / 3500 S,192,0
U Social Work Building,191,0
3500 S / 5600 W,190,0
3500 S / 4000 W,175,0
Redwood Rd / 1700 S,175,0
100 S / 500 E,175,0
3300 S / 1000 W,169,0
Foothill Dr / Wakara Way,167,0
Redwood Rd / Redwood Junction Stati,165,0
Stadium Station,161,0
1940. W North Temple Station,154,0
4100 S @ 1661 W,153,0
900 E / 3300 S,150,0
Highland Dr / 9400 S P+R,150,0
3900 S @ 71 W,148,0
Murray North Station,142,0
Brighton Resort,139,0
900 S / 1300 E,138,0
North Temple / 850 W,134,0
Redwood Rd / 5600 S,133,0
Redwood Junction Station,133,0
900 E / 2100 S,132,0
Redwood Rd / 700 N,129,0
Solitude Moonbeam Lodge,128,0
U South Campus Station,127,0
State St @ 3285 S,127,0
2100 S / 1700 E,124,0
2100 S / 500 E,122,0
Jordan Valley Station,121,0
200 S / 900 E,121,0
3500 S / 7200 W,120,0
U Warnock Engineering Building,120,0
California Ave / 900 W,119,0
Orange St Transit Center,118,0
Redwood Rd / 4100 S,115,0
Midvale Center Station,115,0
North Temple / 600 W,113,0
500 E / 400 S,112,0
900 W / 3600 S,105,0
Historic Sandy Station,104,0
200 S / 1100 E,102,0
900 S / 900 E,101,0
6200 S / 5700 W,101,0
Goldminer's Daughter Lodge,98,0
3300 S @ 911 E,97,0
North Temple St @ 1881 W,94,0
3500 S / 4800 W,94,0
300 W / 500 N,94,0
South Jordan Station,94,0
2100 S / 1100 E,93,0
Foothill Dr / Sunnyside Ave,93,0
3500 S / 8000 W,92,0
300 W / 1300 S,90,0
2100 S / State St,90,0
3500 S / 3600 W (Curbside EB),90,0
3500 S / 3600 W (Curbside WB),90,0
1000 N / Redwood Rd,89,0
900 E / 900 S,89,0
100 S / 300 E,89,0
Wasatch Blvd / 6200 S P+R,89,0
200 S / 1300 E,88,0
200 S / 700 E,88,0
State St @ 2085 S,87,0
Iron Blosam,86,0
900 E / Sugarmont Dr and Stn,85,0
3300 S @ 120 E,85,0
2100 S / 900 E,84,0
Redwood Rd / Bruin Blvd,83,0
State St / 250 S,82,0
State St @ 2154 S,80,0
900 W / 800 N,80,0
Redwood Rd / 5400 S,79,0
California Ave / Concord St,79,0
State St @ 3884 S,78,0
Redwood Rd @ 5595 S,78,0
Redwood Rd @ 3469 S,76,0
5400 S / Redwood Rd,75,0
900 S / 500 E,74,0
U Museum of Fine Arts,74,0
Meadowbrook Expwy @ 720 W,74,0
3300 S @ 1253 E,73,0
Mario Capecchi / South Campus,73,0
900 S / 200 E,73,0
3900 S @ 661 W,72,0
900 E / 3900 S,72,0
900 E / 4650 S,72,0
500 E / 3300 S,71,0
3300 S / 1200 W,70,0
Navajo St / Indiana Ave,70,0
2100 S / 1300 E,70,0
North Temple / 1550 W,70,0
State St @ 4489 S,70,0
South Temple / 1100 E / Q St,70,0
300 W / 300 N,68,0
900 S / State St,68,0
Redwood Rd @ 3538 S,68,0
2100 E / Hollywood Ave,67,0
State St @ 3330 S,67,0
5400 S / 4015 W,67,0
900 E / 4500 S,66,0
South Temple / 500 E / F St,65,0
3500 S / 3450 W,65,0
200 S / 1000 E,64,0
500 E / 2100 S,63,0
Redwood Rd / 7000 S,63,0
State St @ 910 S,62,0
State St @ 720 S,62,0
900 W / 700 N,62,0
Redwood Rd / 500 N,61,0
1000 N / 1400 W,61,0
South Temple / 900 E / M St,60,0
4000 W @ 4605 S,60,0
900 E / 5600 S,60,0
South Temple / 400 E / C St,59,0
400 S @ 409 W,58,0
Redwood Rd @ 4065 S,58,0
3300 S @ 511 E,58,0
Winchester/Fashion Place Mall,57,0
State St @ 1601 S,57,0
3500 S / 6400 W,56,0
South Temple / 700 E / J St,56,0
3300 S @ 49 E,56,0
200 S / 500 E,56,0
3300 S @ 490 E,56,0
100 S / 700 E,56,0
500 E / 500 S,56,0
4500 S / State St,55,0
5400 S / 4220 W,55,0
4000 W @ 3540 S,55,0
STATE ST @ 1498 S,55,0
State St @ 1730 S,55,0
3900 S @ 1085 E,54,0
South Temple / 300 E / B St,54,0
500 E / 3900 S,53,0
2100 S / 700 E,52,0
State St @ 3635 S,52,0
3900 S @ 505 E,51,0
3900 S @ 887 E,50,0
900 E / 5500 S,50,0
400 S / Rio Grande St,49,0
500 E / 300 S,48,0
5400 S / Warrior Way,48,0
700 W / Carlisle St,48,0
3900 S @ 301 E,48,0
900 E / 4750 S,48,0
Services for the Deaf and Visually ,47,0
200 S / 300 E,47,0
Redwood Rd / Parkway Blvd,47,0
3500 S / Decker Lake Dr,46,0
1950 W @ 299 N,46,0
California Ave / Emery St,46,0
South Temple / 1300 E / T St,46,0
Winchester St / State St,46,0
600 N / 1200 W,45,0
Fort Union Blvd @ 885 E,45,0
Redwood Rd / California Ave,45,0
200 S / 800 E,45,0
3500 S / 4400 W,44,0
3900 S @ 1275 E,44,0
3300 S @ 87 W,44,0
2100 E / 2100 S,43,0
500 E / 3700 S,43,0
900 E / 1700 S,43,0
State St @ 510 S,43,0
200 S / 400 E,43,0
500 E / 4100 S,42,0
South Salt Lake City Station,42,0
200 S / 600 E,42,0
3300 S / 1100 W,41,0
Creekside (Up),41,0
900 E / 800 S,41,0
3300 S @ 2285 E,41,0
Redwood Rd @ 5375 S,41,0
5400 S / 5600 W,41,0
3500 S / 3200 W,40,0
900 W / 400 S,40,0
State St @ 5223 S,40,0
Redwood Rd / 1800 S,40,0
400 S / 500 E,40,0
Chipeta Way / Colorow Way,40,0
3600 W / 3500 S,39,0
State St @ 820 S,39,0
900 S / 1000 E,39,0
500 E / 600 S,39,0
Big Cottonwood Canyon P+R (Up),39,0
Komas Dr @ 542 S,39,0
3300 S @ 3127 E,39,0
500 E / 900 S,39,0
900 S / 600 E,38,0
3300 S @ 298 E,38,0
900 S / 1100 E,38,0
State St @ 4801 S,38,0
500 S / VA Hospital,38,0
5400 S / 3200 W,37,0
2100 S / 200 E,37,0
900 W / California Ave,37,0
4015 W @ 5345 S,37,0
500 E / 4500 S,37,0
3300 S @ 225 E,37,0
State St @ 2705 S,37,0
Wakara Way / Komas Dr,37,0
700 N / Redwood Rd,37,0
Redwood Rd / 4150 S,37,0
2100 E / 1300 S,36,0
4700 S @ 3989 W,36,0
Draper Town Center Station,36,0
3900 S @ 2355 E,36,0
100 S / University St,36,0
400 S / Navajo St,35,0
3300 S @ 874 E,35,0
Redwood Rd @ 4450 S,35,0
Redwood Rd @ 6987 S,35,0
900 S / 300 E,35,0
1000 N / 900 W,35,0
3500 S / Pioneer Pkwy,35,0
500 E / 1300 S,35,0
State St @ 2979 S,35,0
900 E / 1300 S,35,0
1300 E @ 896 S,34,0
3900 S @ 85 E,34,0
3900 S @ 510 E,34,0
4500 S @ 877 E,34,0
Magna Library,34,0
State St @ 1495 S,34,0
Meadowbrook Expwy @ 1285 W,34,0
100 S / 400 E,33,0
5400 S / 5160 W,33,0
Redwood Rd / 5225 S,33,0
900 W / 800 S,33,0
Redwood Rd / 3400 S,32,0
1820 S / Bangerter Hwy,32,0
State St @ 2775 S,32,0
3300 S @ 198 E,32,0
3100 S / 8620 W,32,0
900 S / 800 E,32,0
3300 S @ 3301 E,32,0
State St @ 1285 S,31,0
Cottonwood Corporate Center,31,0
1460 W / North Temple,31,0
5400 S / Hew Wood Dr,31,0
900 S / 400 E,31,0
3300 S @ 1385 E,31,0
900 E / 200 S,31,0
Atherton Dr @ 834 W,31,0
3600 W / 3100 S,31,0
Redwood Rd / 2100 S,31,0
1000 N / Jordan River Pkwy,31,0
2100 S / 1200 E,30,0
Foothill Dr @ 2245 S,30,0
Meadowbrook Expwy @ 831 W,30,0
3900 S @ 1567 E,30,0
Murray Holladay Rd @ 1725 E,30,0
Navajo St / Arapahoe Ave,30,0
900 S / 700 E,30,0
900 E / Hollywood Ave,30,0
Redwood Rd / 3100 S,30,0
900 E / 2700 S,30,0
Navajo St / Glendale Dr,30,0
Redwood Rd / 4000 S,30,0
900 W / 600 N,29,0
State St @ 2712 S,29,0
4700 S @ 1685 W,29,0
500 E / Herbert Ave,29,0
Harold Gatty Dr @ 5575 W,29,0
Redwood Rd / 7800 S,29,0
500 S @ 1090 E,29,0
3500 S / 1950 W,29,0
Redwood Rd / 1900 S,29,0
900 W / 900 N,29,0
500 E / S-Line,29,0
South Temple / 150 W,29,0
2100 S / 1900 E,29,0
State St @ 3980 S,29,0
Redwood Rd @ 4140 S,29,0
900 W / 200 N,29,0
State St @ 1280 S,28,0
900 E / South Temple,28,0
1000 N / American Beauty Dr,28,0
Winchester St / 900 E,28,0
3500 S @ 1685 W,28,0
4500 S / Atwood Blvd,28,0
3300 S @ 1 E,28,0
Magna Post Office,28,0
4500 S @ 930 E,28,0
Redwood Rd / 3860 S,28,0
Fort Union Blvd @ 32 E,27,0
State St @ 604 S,27,0
State St @ 3063 S,27,0
2100 S / 800 E,27,0
E St / 3rd Ave,27,0
Redwood Rd / 800 N,27,0
Cottonwood Pkwy @ 2955 E,27,0
South Temple / L St,27,0
2100 S / 300 E,27,0
3600 W / 2150 S,27,0
Redwood Rd @ 4175 S,27,0
Redwood Rd @ 2470 S,27,0
3500 S @ 1720 W,27,0
500 E / 800 S,27,0
State St @ 777 S,27,0
900 E / 3800 S,26,0
4700 S @ 2691 W,26,0
Guardsman Way / 600 S,26,0
900 E / College St,26,0
1300 E @ 673 S,26,0
900 E / Winchester St,26,0
State St @ 5131 S,26,0
1700 S / Redwood Rd,26,0
100 S / 600 E,26,0
3300 S @ 315 E,26,0
500 E / 1700 S,26,0
E St / South Temple,26,0
North Campus / Federal Heights,26,0
9th Ave / LDS Hospital,26,0
Redwood Rd / 200 N,26,0
2100 E / Laird Ave,25,0
3900 S @ 110 E,25,0
5400 S / 4620 W,25,0
3300 S @ 1 W,25,0
900 E / 3600 S,25,0
State St @ 3094 S,25,0
900 W / 300 N,25,0
Fort Union Blvd @ 985 E,25,0
Redwood Rd / Indiana Ave,25,0
Northstar Dr / Redwood Rd,25,0
3300 S @ 2035 E,25,0
3500 S / Callao Dr,24,0
Redwood Rd / 2320 S,24,0
E St / 5th Ave,24,0
3500 S / Montclair St,24,0
1000 N / 1200 W,24,0
900 E / 700 S,24,0
State St @ 4035 S,24,0
3500 S / 1500 W,24,0
Redwood Rd @ 1695 S,24,0
1300 E @ 5755 S,24,0
State St @ 1050 S,24,0
2100 E / Bryan Ave,24,0
900 E / 500 S,23,0
Redwood Rd @ 1298 S,23,0
900 E / Parkway Ave,23,0
Navajo St / 1000 S,23,0
3300 S @ 1298 E,23,0
State St @ 5905 S,23,0
600 N / 1400 W,23,0
900 E / 5400 S,23,0
500 E / 700 S,23,0
1940 W North Temple St,23,0
400 S / 400 E,23,0
Navajo St / 500 S,22,0
900 E / Browning Ave,22,0
State St @ 857 S,22,0
4500 S @ 534 W,22,0
3030 W / 3500 S,22,0
600 N / 900 W,22,0
4800 West Station,22,0
3500 S / 6800 W,22,0
State St @ 1912 S,22,0
3900 S @ 298 E,22,0
Meadowbrook Expwy. @ 1320 W,22,0
2100 S / 1500 E,22,0
6200 S @ 3709 W,22,0
State St @ 1925 S,22,0
State Capitol east entrance,22,0
Redwood Rd / 500 S,22,0
Redwood Road / 4600 S,22,0
4000 W @ 4600 S,21,0
Redwood Rd / 3750 S,21,0
5400 S / 4420 W,21,0
North Temple St @ 1948 W,21,0
Redwood Rd / 1100 S,21,0
3900 S @ 401 E,21,0
1300 S / 700 W,21,0
Winchester St / 300 E,21,0
Redwood Rd @ 1916 S,21,0
1300 E @ 875 S,21,0
2100 E / St. Mary's Dr,20,0
500 E / 2700 S,20,0
900 E / Bryan Ave,20,0
Copper City Dr / Borax Ave,20,0
Carlisle St / 700 W,20,0
5400 S / 3600 W,20,0
900 E / Eastgate Rd,20,0
5400 S / Cougar Ln,20,0
Highland Dr @ 7069 S,20,0
900 W / 1650 S,20,0
2100 S / Main St,19,0
3500 S / 4300 W,19,0
3100 S / 9100 W,19,0
Redwood Rd @ 7769 S,19,0
900 E / 300 S,19,0
Redwood Rd. / 4800 S,19,0
3300 S @ 701 E,19,0
Atherton Dr @ 833 W,19,0
Redwood Rd @ 10341 S,19,0
Redwood Rd @ 3385 S,19,0
State St @ 3620 S,19,0
Highland Dr @ 3330 S,19,0
900 W / 3400 S,19,0
900 E / 100 S,19,0
Redwood Rd / 4600 S,19,0
Redwood Rd @ 5652 S,19,0
1300 E @ 3310 S,19,0
4700 S @ 4855 W,18,0
Redwood Rd @ 5201 S,18,0
Redwood Rd / 900 N,18,0
900 S / Main St,18,0
Foothill Dr @ 1707 S,18,0
3900 S @ 677 E,18,0
Wakara Way / Chipeta Way,18,0
1300 E @ 2185 S,18,0
Redwood Rd @ 552 S,18,0
1300 E @ 3315 S,18,0
Wakara Way / Arapeen Dr,18,0
3200 W / North Frontage Rd,18,0
Vine St / Commerce Dr,18,0
Centennial Pkwy @ 10255 S,17,0
3500 S / 8150 W,17,0
4700 S @ 3587 W,17,0
Highland Dr @ 4745 S,17,0
State St @ 2968 S,17,0
900 W / 400 N,17,0
State St @ 1791 S,17,0
3300 S @ 981 W,17,0
3300 S @ 1101 E,17,0
2100 E / 1700 S,17,0
500 E / Ramona Ave,17,0
300 W / 400 N,17,0
Northstar Dr / Cornell St,17,0
Lodestone Ave / Copper City Dr,17,0
Redwood Rd @ 4433 S,17,0
800 W / 700 S,17,0
4015 W @ 5470 S,17,0
4500 S @ 685 E,17,0
Redwood Rd / 4700 S,17,0
5400 S / 2200 W,16,0
Main St / 4500 S,16,0
3500 S / 5200 W,16,0
1300 W / Wasatch Ave,16,0
Murray Blvd @ 4948 S,16,0
Bruin Blvd @ 2101 W,16,0
Wakara Way / 400 S,16,0
State St @ 3451 S,16,0
Atherton Dr @ 4435 S,16,0
3900 S @ 1167 E,16,0
Mario Capecchi / Research Rd,16,0
1300 E @ 3849 S,16,0
North Temple St / Redwood Rd,16,0
3100 S / 8800 W,16,0
900 E / Stratford Ave,16,0
Sandy Civic Center Station,16,0
500 S @ 1115 E,16,0
3500 S / 6000 W,16,0
Magna Main St / 9040 W,16,0
Redwood Rd @ 4540 S,16,0
900 W / 500 N,16,0
Sugar Factory Road Station,16,0
Redwood Rd @ 3745 S,16,0
1300 S / 400 W,15,0
4015 W @ 4746 S,15,0
C St / 8th Ave,15,0
South Temple / 350 W,15,0
Winchester St / 700 E,15,0
4500 S @ 530 E,15,0
3300 S @ 1225 E,15,0
3rd Ave / I St,15,0
4000 W @ 4537 S,15,0
1300 E @ 3946 S,15,0
4500 S @ 1285 E,15,0
900 E / Vine St south,15,0
2100 E / Wilson Ave,15,0
Atherton Dr @ 4440 S,15,0
Fort Union Blvd @ 1991 E,15,0
Highland Dr @ 4830 S,15,0
State St @ 4540 S,15,0
Redwood Rd / 1500 S,15,0
1300 E @ 2188 S,15,0
3500 S / Chatterleigh Rd,15,0
1300 E @ 6845 S,15,0
1300 E @ 2078 S,15,0
5400 S / 5425 W,15,0
Snowbird Center,15,0
900 W / 600 S,15,0
Foothill Dr @ 1325 S,15,0
3400 S / 1400 W,14,0
5400 S / 2700 W,14,0
900 E / Garfield Ave,14,0
500 W @ 4558 S,14,0
Little Cottonwood Rd @ 3142 E(P&R),14,0
Redwood Rd. @ 4805 S,14,0
Jordan Landing Blvd @ 7181 S,14,0
Murray Holladay Rd @ 2225 E,14,0
3300 S @ 615 E,14,0
State St @ 3434 S,14,0
3900 S @ 910 E,14,0
3300 S @ 1460 E,14,0
2700 W @ 4345 S,14,0
400 S / Cheyenne St,14,0
1000 N / 1300 W,14,0
4500 S @ 787 E,14,0
500 E / Wendell Dr,14,0
3500 S / Lilloet St,14,0
E St / 6th Ave,14,0
Redwood Rd @ 5480 S,14,0
North Temple St @ 1758 W,14,0
900 S / Richards St,14,0
Redwood Rd @ 3171 S,14,0
1700 S / Wallace Rd,14,0
Glendale Dr / 1300 S,14,0
3500 S / Royal Scott Dr,14,0
3600 W / Parkway Blvd,14,0
State St @ 685 S,14,0
3300 S @ 984 W,14,0
Fort Union Blvd @ 2018 E,14,0
3500 S / 3900 W,14,0
State St @ 4195 S,13,0
4000 W @ 4135 S,13,0
Murray Blvd / 5400 S,13,0
Redwood Rd @ 3860 S,13,0
State St @ 5020 S,13,0
Brighton Store (Down),13,0
Redwood Rd @ 1289 S,13,0
M St / 3rd Ave,13,0
Redwood Rd @ 3973 S,13,0
1300 E @ 5665 S,13,0
900 E / 600 S,13,0
400 S / 700 E,13,0
Mario Capecchi Dr / 1900 E,13,0
Highland Dr @ 6827 S,13,0
1300 E @ 698 S,13,0
State St @ 2510 S,13,0
1300 E @ 525 S,13,0
1700 S / Industrial Rd,13,0
1300 E @ 544 S,13,0
1300 E @ 3179 S,13,0
3900 S @ 30 E,13,0
South Temple / 900 E / N St,13,0
2100 S / West Temple,13,0
1300 E @ 4765 S,13,0
1300 E @ 1969 S,13,0
State St / 1st Ave,13,0
6200 S @ 3809 W,13,0
Constitution Blvd @ 3662 S,13,0
900 E / Hillview Dr,13,0
Redwood Rd / 4075 S,13,0
Chipeta Way / Tabby Ln,13,0
State St @ 1120 S,13,0
4700 S @ 4655 W,13,0
State St @ 2810 S,13,0
3650 S / 3100 W,13,0
Murray Blvd / Allendale Dr,13,0
2100 S / 1600 W,13,0
Redwood Rd @ 860 S,12,0
Highland Dr @ 3233 S,12,0
3300 S @ 1847 E,12,0
3500 S / 6555 W,12,0
State St @ 1029 S,12,0
1300 E @ 401 S,12,0
Jordan Landing Blvd. @ 7586 S,12,0
State St @ 4949 S,12,0
7200 S @ 90 W,12,0
Highland Dr @ 3910 S,12,0
4700 S @ 1531 W,12,0
Winchester St / 640 E,12,0
4700 S @ 3189 W,12,0
3500 S / Oquirlane St,12,0
4000 W @ 4359 S,12,0
4000 W @ 4122 S,12,0
Highland Dr @ 7050 S,12,0
3300 S @ 680 E,12,0
Main St / 200 N,12,0
Foothill Dr @ 2135 S,12,0
3300 S @ 801 E,12,0
400 S @ 918 W,12,0
State St @ 5270 S,12,0
Redwood Rd / 2700 S,12,0
900 E / Wilson Ave,12,0
Meadowbrook Expwy @ 1151 W,12,0
4700 S @ 4505 W,12,0
Redwood Rd @ 2499 S,12,0
3100 S / 8400 W,11,0
Highland Dr @ 4435 S,11,0
Redwood Rd / 6200 S,11,0
5400 S / 1900 W,11,0
4000 W @ 6145 S,11,0
Alabama Ave @ 3639 W,11,0
Highland Dr @ 7411 S,11,0
1300 E @ 4711 S,11,0
State St @ 1135 S,11,0
3500 S / Stanton Dr,11,0
6200 S @ 3816 W,11,0
3300 S @ 2201 E,11,0
Redwood Rd @ 2344 S,11,0
Redwood Rd @ 7020 S,11,0
900 E / Charlton Cir,11,0
California Ave / 1000 W,11,0
Fitts Park,11,0
400 S @ 902 W,11,0
Cougar Ln @ 6221 S,11,0
3800 S @ 2511 W,11,0
5400 S / Morning Breeze Dr,11,0
900 E / Kingsmill Ln,11,0
Redwood Rd @ 4720 S,11,0
9000 S @ 810 E,11,0
500 E / Kensington Ave,11,0
Redwood Rd @ 3980 S,11,0
2200 W @ 4130 S,11,0
900 E / Belmont Ave,11,0
State St @ 5025 S,11,0
3500 S / Centennial Rd,11,0
3600 W / 3650 S,11,0
Murray Holladay Rd @ 1635 E,11,0
Presidents Dr / 2270 S,11,0
9150 W / Magna Main St,11,0
300 W / 1100 S,10,0
State St @ 4400 S,10,0
Vine St @ 34 E,10,0
2300 E @ 4626 S,10,0
5400 S / 700 W,10,0
1300 E @ 1503 S,10,0
Redwood Rd @ 3871 S ,10,0
3rd Ave / K St,10,0
Foothill Dr @ 1527 S,10,0
Union Park Ave @ 7175 S,10,0
Atherton Dr @ 4540 S,10,0
3300 S @ 988 E,10,0
1300 E @ 2705 S,10,0
Murray Holladay Rd @ 2161 E,10,0
1300 E @ 480 S,10,0
State St @ 2473 S,10,0
200 N / 400 W,10,0
Atherton Dr @ 1020 W,10,0
Highland Dr @ 9265 S,10,0
3rd Ave / G St,10,0
700 S / 800 W,10,0
3650 S / 3400 W,10,0
Beck Street @ 1765 N    (Salt Lake),10,0
500 E / Downington Ave,10,0
Big Cottonwood Canyon P+R (Down),10,0
2100 S / 1500 W,10,0
Fort Union Blvd @ 1338 E,10,0
12300 S / 210 E,10,0
4100 S @ 5577 W,10,0
Foothill Dr / Mario Capecchi,10,0
500 E / Sunset Ave,10,0
5600 W @ 4150 S,10,0
3900 S @ 3335 E,10,0
4015 W @ 5493 S,10,0
3300 S @ 2290 E,10,0
3300 S @ 401 E,10,0
600 N / 1000 W,10,0
3500 S / Wing Pointe Dr,10,0
300 W @ 701 N,10,0
900 E / 5800 S,10,0
500 E / Cleveland Ave,10,0
Highland Dr @ 8887 S,10,0
Foothill Dr / Hubbard Ave,10,0
State St @ 5200 S,9,0
State St @ 6300 S,9,0
3900 S @ 612 W,9,0
State St @ 1385 S,9,0
5400 S / 1070 W,9,0
2300 E @ 4510 S,9,0
4000 W @ 5865 S,9,0
STATE ST @ 575 S,9,0
3300 S @ 80 W,9,0
800 W / 800 S,9,0
900 W / 3300 S,9,0
3100 S / 8950 W,9,0
Magna Main St / 8700 W,9,0
State St @ 4068 S,9,0
Lodestone Ave / 5625 W,9,0
Redwood Road @ 4602 S,9,0
Redwood Rd / 3300 S,9,0
3200 W @ 4061 S,9,0
5600 W @ 4238 S,9,0
900 E / Scott Ave,9,0
Redwood Rd @ 8936 S,9,0
Union Park Ave @ 7184 S,9,0
8400 W / Robin St,9,0
Highland Dr @ 2907 S,9,0
300 W / Paxton Ave,9,0
900 E / 4400 S,9,0
Greenwood Ter / 900 S,9,0
Redwood Rd / 8000 S,9,0
Redwood Rd / 3650 S,9,0
3900 S @ 2225 E,9,0
900 S / 1400 E,9,0
Magna Main St / 8800 W,9,0
1300 E @ 1633 S,9,0
6200 S @ 3690 W,9,0
500 E / 4050 S,9,0
500 E / 4200 S,9,0
5600 W / 6200 S,9,0
Fort Union Blvd @ 910 E,9,0
1300 E @ 4550 S,9,0
Murray Blvd / Vine St,9,0
South Union Ave @ 1092 E,9,0
1300 E @ 1749 S,9,0
Meadowbrook Expwy @ 950 W,9,0
Pioneer Rd / 1700 S,9,0
900 W / 2000 S,9,0
5400 S / Ridgecrest Dr,8,0
4700 S @ 2750 W,8,0
3900 S @ 201 E,8,0
State St @ 8385 S,8,0
Redwood Rd / Crystal Ridge,8,0
Copper City Dr / Plumbago Ave,8,0
Winchester St / 800 E,8,0
3300 S @ 1001 E,8,0
4100 S @ 4016 W,8,0
2300 E @ 4657 S,8,0
State St @ 503 S,8,0
1000 E @ 7778 S,8,0
State St @ 6150 S,8,0
Redwood Rd @ 1125 S,8,0
Redwood Rd / 300 N,8,0
900 W / 900 S,8,0
2100 S / 2000 E,8,0
South Union Ave @ 1165 E,8,0
3500 S / 4600 W,8,0
900 E / 3700 S,8,0
Redwood Rd @ 2327 S,8,0
900 W / Fremont Ave,8,0
Guardsman Way / Sunnyside Ave,8,0
9000 S @ 3898 W,8,0
900 E / 3385 S,8,0
700 W / 3500 S,8,0
Meadowbrook Expwy @ 1150 W,8,0
Redwood Rd @ 1506 S,8,0
Bruin Blvd @ 2090 W,8,0
Jordan Landing Blvd @ 7661 S,8,0
9th Ave / I St,8,0
9th Ave / E St,8,0
500 E / Lambourne Ave,8,0
2200 W @ 3874 S,8,0
State St @ 5615 S,8,0
900 S / Amanda Ave,8,0
Highland Dr @ 4675 S,8,0
Highland Dr @ 6271 S,8,0
1300 E @ 1335 S,8,0
900 E / 4125 S,8,0
State St @ 2547 S,8,0
1700 S @ 116 E,8,0
Redwood Rd @ 4070 S,8,0
State St @ 4824 S,8,0
Redwood Rd @ 8001 S,8,0
600 N / 1300 W,8,0
Highland Dr @ 8633 S,8,0
500 E / Farmer Alumni Dr,8,0
3800 S @ 2311 W,8,0
State St @ 4930 S,8,0
900 W / 1750 S,8,0
3900 S @ 3077 E,8,0
8400 W / 3100 S,7,0
Gregson Ave @ 111 W,7,0
Highland Dr @ 4175 S,7,0
9th Ave / L St,7,0
Highland Dr @ 8089 S,7,0
Atherton Dr @ 1025 W,7,0
300 W / Fayette Ave,7,0
1300 E @ 4389 S,7,0
Redwood Rd @ 9375 S,7,0
Redwood Rd / 4200 S,7,0
Magna Main St / 8590 W,7,0
1300 E @ 4545 S,7,0
Murray Holladay Rd @ 1885 E,7,0
Redwood Rd @ 3430 S,7,0
3300 S @ 398 E,7,0
500 E / Garden Ave,7,0
Fort Union Blvd @ 671 E,7,0
900 E / Princeton Ave,7,0
5400 S / 4800 W,7,0
1300 E @ 5581 S,7,0
900 W @ 3595 S,7,0
3900 S @ 547 W,7,0
Greenwood Ter / Sunnyside Ave,7,0
1300 E @ 2455 S,7,0
1300 E @ 4730 S,7,0
Highland Dr @ 3125 S,7,0
Fort Union Blvd @ 1285 E,7,0
4700 S @ 3230 W,7,0
Highland Dr @ 4805 S,7,0
Cougar Ln @ 6865 S,7,0
Atherton Dr @ 4533 S,7,0
2200 W @ 4512 S,7,0
4700 S @ 5407 W,7,0
2200 W @ 4519 S,7,0
Winchester St / 525 E,7,0
L St / 3rd Ave,7,0
1700 S @ 314 E,7,0
900 E / White Maple Way,7,0
4100 S @ 4820 W,7,0
State St @ 6801 S,7,0
1300 E @ 7075 S,7,0
Redwood Rd / 6900 S,7,0
Bennion Blvd @ 1652 W,7,0
4715 S @ 4036 W,7,0
900 W @ 3590 S,7,0
2nd Ave / Canyon Rd,7,0
4700 S @ 4975 W,7,0
State St @ 5898 S,7,0
3900 S @ 54 W,7,0
4000 W @ 4071 S,7,0
3300 S @ 2103 E,7,0
Dixie Dr @ 6260 S,6,0
Fort Union Blvd @ 2181 E,6,0
Redwood Rd @ 2650 S,6,0
500 E / Delno Dr,6,0
Redwood Rd @ 9843 S,6,0
Jordan Landing Blvd. @ 7535 S,6,0
State St @ 4601 S,6,0
3800 S @ 2314 W,6,0
Murray Blvd @ 4889 S,6,0
River Front Pkwy @ 10903 S,6,0
1820 S / 3350 W,6,0
400 S / 765 W,6,0
Highland Dr @ 7215 S,6,0
500 E / Millcreek Way,6,0
4100 S @ 3991 W,6,0
300 W / 900 S,6,0
Cougar Ln @ 6425 S,6,0
Dixie Dr @ 6267 S,6,0
1820 S / 3600 W,6,0
3500 S / 5450 W,6,0
4700 S @ 3980 W,6,0
900 E / Yale Ave,6,0
Fort Union Blvd @ 1000 E,6,0
5400 S / Rocky Ridge Rd,6,0
State St @ 4190 S,6,0
Meadowbrook Expwy @ 1035 W,6,0
900 E / 5290 S,6,0
Constitution Blvd @ 3601 S,6,0
9000 S @ 3913 W,6,0
4800 W @ 3550 S,6,0
4015 W @ 5338 S,6,0
State St @ 3750 S,6,0
1300 E @ 7046 S,6,0
4500 S / Gordon Ln,6,0
1700 S @ 920 E,6,0
4000 W @ 8579 S,6,0
3300 S @ 796 E,6,0
State St @ 6954 S,6,0
Fort Union Blvd @ 1445 E,6,0
7800 S @ 110 E,6,0
Redwood Rd / Allegheny Dr,6,0
Redwood Rd @ 6425 S,6,0
M St / 6th Ave,6,0
4500 S @ 501 E,6,0
1000 E @ 7755 S,6,0
Redwood Rd / 3550 S,6,0
Dixie Dr @ 6741 S,6,0
2200 W @ 4681 S,6,0
3300 S @ 2010 E,6,0
1300 E @ 1875 S,6,0
1300 E @ 3200 S,6,0
Redwood Rd / Sunset Ave,6,0
4015 W @ 5781 S,6,0
7800 S @ 740 E,6,0
900 S / 1500 E,6,0
4715 S @ 4181 W,6,0
Highland Dr @ 2745 S,6,0
Redwood Rd / Sunrise Pl,6,0
400 S @ 1179 W,6,0
1300 E @ 5263 S,6,0
900 W / 700 S,6,0
1300 E @ 1724 S,6,0
4100 S @ 3657 W,6,0
Redwood Rd @ 6220 S,6,0
Redwood Rd @ 4210 S,6,0
State St @ 7009 S,6,0
State St @ 6200 S,5,0
3300 S @ 1226 W,5,0
4100 S @ 4777 W,5,0
Wasatch Blvd @ 3305 S,5,0
900 W / Fayette Ave,5,0
4500 S @ 2925 E,5,0
Guardsman Way / 500 S,5,0
Fort Union Blvd @ 2335 E,5,0
Highland Dr @ 3961 S,5,0
1700 S @ 113 E,5,0
1820 S / 3480 W,5,0
4700 S @ 2860 W,5,0
Highland Dr @ 5911 S,5,0
1300 E @ 1165 S,5,0
Fort Union Blvd @ 305 E,5,0
900 E / Southwood Dr,5,0
Redwood Rd @ 837 S,5,0
Redwood Rd / Leland Dr,5,0
Redwood Rd / 4900 S,5,0
Redwood Rd @ 625 S,5,0
Redwood Rd @ 9089 S,5,0
Clernates Dr @ 6598 S,5,0
Redwood Rd @ 1130 S,5,0
Highland Dr @ 3687 S,5,0
Redwood Rd / 600 S,5,0
Foothill Dr @ 1445 S,5,0
3900 S @ 725 E,5,0
Murray Holladay Rd @ 1366 E,5,0
300 W @ 805 N,5,0
Murray Holladay Rd @ 1776 E,5,0
Winchester St / 370 E,5,0
900 E / Atkin Ave,5,0
Foothill Dr @ 1825 S,5,0
3300 S @ 2375 E,5,0
1300 E @ 5780 S,5,0
Amazon Fulfillment Center,5,0
9150 W / 3000 S,5,0
900 E / Searle Ave,5,0
900 E / Austin Ave,5,0
State St @ 6888 S,5,0
Redwood Rd / 700 S,5,0
3300 S @ 2735 E,5,0
Redwood Rd / South Temple,5,0
5400 S / Walden Glen Dr,5,0
3000 E @ 6531 S,5,0
4000 W @ 6015 S,5,0
Highland Dr @ 6065 S,5,0
Redwood Rd @ 3575 S,5,0
3900 S @ 2681 E,5,0
Atherton Dr @ 4501 S,5,0
500 E / Bridlewood Dr,5,0
4000 W @ 4443 S,5,0
2700 S @ 1959 E,5,0
7800 S @ 665 E,5,0
State St @ 7087 S,5,0
State St @ 2363 S,5,0
Richmond St @ 2917 S,5,0
Redwood Rd @ 9185 S,5,0
1300 E @ 4989 S,5,0
3500 S / Patrick Dr,5,0
4700 S @ 4820 W,5,0
Redwood Rd / 7100 S,5,0
900 E / Gregson Ave,5,0
900 E / Best Ave,5,0
1700 S @ 881 E,5,0
900 W / 1400 S,5,0
Lodestone Ave / Trowbridge Way,5,0
Highland Dr @ 7817 S,5,0
4700 S @ 5585 W,5,0
Jordan Landing Blvd @ 7190 S,5,0
Fort Union Blvd @ 2285 E,5,0
West Temple @ 3112 S,5,0
4015 W @ 4878 S,5,0
2300 E @ 3883 S,5,0
Redwood Rd @ 705 S,5,0
300 W @ 610 N,5,0
Fort Union Blvd @ 1335 E,5,0
1700 S @ 1118 E,5,0
Jordan Landing Blvd @ 3700 W,5,0
900 E / Springview Dr,5,0
9th Ave / G St,5,0
3300 S @ 1219 W,5,0
Redwood Rd @ 3110 S,5,0
Redwood Rd / 5000 S,5,0
4715 S @ 4137 W,5,0
4000 W @ 8441 S,5,0
1700 S @ 520 E,5,0
1300 E @ 794 S,5,0
4015 W @ 4993 S,5,0
7800 S @ 530 E,5,0
Cougar Ln @ 6587 S,4,0
5400 S / Copper City Dr,4,0
700 W / Billinis Rd,4,0
3300 S @ 1108 E,4,0
State St @ 7220 S,4,0
3900 S @ 1485 E,4,0
State St @ 8531 S,4,0
1300 E @ 1784 S,4,0
4700 S @ 5265 W,4,0
Clernates Dr @ 6394 S,4,0
1300 E @ 4790 S,4,0
3300 S @ 2210 E,4,0
Highland Dr @ 4520 S,4,0
3500 S @ 3419 W,4,0
3300 S @ 1705 E,4,0
3rd Ave / M St,4,0
6200 S @ 2315 W,4,0
8400 W / Myron Ave,4,0
Meadowbrook Expwy @ 1520 W,4,0
State St @ 5775 S,4,0
1700 S @ 614 E,4,0
Arapeen Dr / Sunnyside Ave,4,0
1700 S @ 410 E,4,0
Dixie Dr @ 6515 S,4,0
Arapeen Dr / Komas Dr,4,0
Fort Union Blvd @ 2941 E,4,0
500 N / Cortez St,4,0
3900 S @ 398 E,4,0
Redwood Rd @ 3140 S,4,0
2nd Ave / C St,4,0
Richmond St @ 3017 S,4,0
1820 S / 3850 W,4,0
Creekside (Down),4,0
7th Ave / D St,4,0
900 W / Colmar Ave,4,0
1700 S @ 1315 E,4,0
7800 S @ 836 E,4,0
3650 S / Granger Dr,4,0
400 S / Concord St,4,0
4500 S @ 957 E,4,0
Redwood Rd @ 7230 S,4,0
900 E / 4000 S,4,0
3900 S @ 1965 E,4,0
4500 S @ 610 E,4,0
Fort Union Blvd @ 272 E,4,0
1000 E @ 7410 S,4,0
3900 S @ 1112 E,4,0
Redwood Rd / 6720 S,4,0
3300 S @ 2605 E,4,0
5400 S / Northwest Ave,4,0
7800 S @ 799 E,4,0
5600 W @ 4500 S,4,0
2400 S / Presidents Dr,4,0
L St / 9th Ave,4,0
Wasatch Blvd @ 3491 S,4,0
900 E / Vine St north,4,0
4500 S @ 1296 E,4,0
State St @ 8999 S,4,0
6200 S @ 4653 W,4,0
3900 S @ 1580 E,4,0
4100 S @ 4983 W,4,0
4700 S @ 1171 W,4,0
3900 S @ 718 E,4,0
Mario Capecchi Dr / Pollock Rd,4,0
2200 W @ 4342 S,4,0
4015 W @ 4851 S,4,0
Fort Union Blvd @ 2344 E,4,0
3500 S / 5020 W,4,0
Cougar Ln @ 5535 S,4,0
3600 W / 2340 S,4,0
2nd Ave / A St,4,0
Foothill Dr @ 2278 S,4,0
L St / 6th Ave,4,0
Murray Blvd @ 5026 S,4,0
2200 W @ 4626 S,4,0
500 E / Warnock Ave,4,0
3600 W / 2750 S,4,0
4000 W @ 4390 S,4,0
4700 S @ 3395 W,4,0
3300 S @ 2340 E,4,0
Fort Union Blvd @ 380 E,4,0
500 E / Joye St,4,0
3600 W / Honda Ave,4,0
3300 S @ 1218 E,4,0
4000 W @ 3620 S,4,0
11400 S @ 1236 W,4,0
4000 W @ 4031 S,4,0
4500 S @ 3124 E,4,0
3900 S @ 2312 E,4,0
5600 W @ 4219 S,4,0
3500 S @ 3252 W,4,0
Fort Union Blvd @ 720 E,4,0
4000 W @ 4205 S,4,0
4500 S @ 601 E,4,0
3rd Ave / P St,4,0
4700 S @ 2570 W,4,0
2200 W @ 4435 S,4,0
Murray Holladay Rd @ 1868 E,4,0
3300 S @ 1655 E,4,0
3900 S @ 785 E,4,0
Cottonwood Pkwy @ 2916 E,4,0
3500 S / 5300 W,3,0
State St @ 5400 S,3,0
Highland Dr @ 4285 S,3,0
State St @ 7495 S,3,0
State St @ 9673,3,0
4500 S @ 2685 E,3,0
5600 W @ 4390 S,3,0
4700 S @ 1176 W,3,0
Redwood Rd @ 6877 S,3,0
Redwood Rd @ 3301 S,3,0
3300 S @ 2835 E,3,0
State St @ 4608 S,3,0
7800 S @ 430 E,3,0
900 E / Herbert Ave,3,0
Beck Street @ 1445 N,3,0
1700 S @ 722 E,3,0
4700 S @ 2963 W,3,0
Dixie Dr @ 6593 S,3,0
3900 S @ 2059 E,3,0
1700 S @ 87 W,3,0
1300 E @ 4155 S,3,0
State St @ 2849 S,3,0
Murray Holladay Rd @ 2051 E,3,0
1100 E @ 1229 S,3,0
4500 S @ 360 E,3,0
700 W @ 3600 S,3,0
3650 S / 3200 W,3,0
1700 E @ 2689 S,3,0
1700 S / Empire Rd,3,0
Redwood Rd @ 9024 S,3,0
3900 S @ 1328 E,3,0
Redwood Rd @ 5001 S,3,0
Copper City Dr / Black Mica,3,0
1000 E @ 7335 S,3,0
1300 E @ 4645 S,3,0
Highland Dr @ 5571 S,3,0
3600 W / Great Lakes Dr,3,0
Redwood Rd @ 6902 S,3,0
Highland Dr @ 3011 S,3,0
5600 W @ 4533 S,3,0
6200 S @ 4215 W,3,0
1300 E @ 4605 S,3,0
4100 S @ 5373 W,3,0
1300 E @ 1356 S,3,0
Redwood Rd @ 758 S,3,0
Redwood Rd @ 3770 S,3,0
Redwood Rd @ 7671 S,3,0
5600 W @ 4290 S,3,0
2300 E @ 4433 S,3,0
2300 E @ 4629 S,3,0
State St / 700,3,0
900 E / Garden Dr,3,0
9000 S @ 3805 W,3,0
1300 E @ 1134 S,3,0
400 S @ 1049 W,3,0
1300 E @ 3128 S,3,0
2700 W @ 4663 S,3,0
3200 W @ 3686 S,3,0
Komas Dr @ 650 S,3,0
Redwood Rd / 1600 S,3,0
3380 W @ 8814 S,3,0
CONSTITUTION BLVD @ 4400 S,3,0
Murray Holladay Rd @ 1660 E,3,0
6200 S @ 1611 W,3,0
8400 W / Western Dr,3,0
3900 S @ 1200 E,3,0
Redwood Rd @ 2910 S,3,0
1300 E @ 3751 S,3,0
Murray Blvd @ 5039 S,3,0
1820 S / 3730 W,3,0
Edgehill St @ 2808 S,3,0
4700 S @ 3650 W,3,0
4800 W @ 4667 S,3,0
1300 E @ 1079 S,3,0
Fort Union Blvd @ 395 E,3,0
7000 S @ 4825 W,3,0
3100 S @ 4149 W,3,0
Redwood Rd / 4875 S,3,0
4000 W @ 4544 S,3,0
1300 E @ 5656 S,3,0
Foothill Dr @ 2330 S,3,0
3rd Ave / N St,3,0
4000 W @ 8480 S,3,0
4800 W @ 3169 S,3,0
Mario Capecchi / North Campus,3,0
4000 W @ 6028 S,3,0
Dixie Dr @ 6506 S,3,0
3300 S @ 3298 E,3,0
4015 W @ 5601 S,3,0
Redwood Rd @ 1515 S,3,0
3500 S @ 3492 W,3,0
State St @ 5995 S,3,0
700 W @ 3575 S,3,0
900 E / Emerson Ave,3,0
Redwood Rd @ 7121 S,3,0
Fort Union Blvd @ 2691 E,3,0
1700 S / Fremont Dr,3,0
Redwood Rd @ 8405 S,3,0
9400 S @ 1108 E,3,0
Fort Union Blvd @ 1540 E,3,0
Fort Union Blvd @ 26 W,3,0
3100 S @ 4617 W,3,0
Fort Union Blvd @ 1150 E,3,0
Main St / Hillside Ave,3,0
3100 S @ 3596 W,3,0
9400 S @ 1356 E,3,0
3200 W @ 4068 S,3,0
Clernates Dr @ 6852 S,3,0
Redwood Rd @ 8380 S,3,0
1300 E @ 4001 S,3,0
Guardsman Way / 700 S,3,0
900 E / Elgin Ave,3,0
1300 E @ 6105 S,3,0
1730 S @ 4512 W,3,0
500 E / Malibu Dr,3,0
State St @ 5525 S,3,0
9150 W / 2900 S,3,0
3300 S @ 1070 W,3,0
State St @ 6098 S,3,0
South Jordan Pkwy @ 1330 W,3,0
Murray Holladay Rd @ 1981 E,3,0
3200 W @ 3985 S,3,0
1300 E @ 6980 S,3,0
900 E / Arrowhead Ln,3,0
4500 S @ 740 E,3,0
Redwood Rd @ 10173 S,3,0
River Front Pky @ 10834 S,3,0
Temple Drive @ 10765 S,3,0
1700 S @ 20 W,3,0
Pioneer Rd / Bridger Rd,3,0
4000 W @ 4036 S,3,0
3rd Ave / T St,3,0
900 E / Crandall Ave,3,0
3100 S @ 3555 W,3,0
4100 S @ 3577 W,3,0
4500 S @ 816 E,3,0
State St @ 6206 S,3,0
3500 S @ 2040 W,3,0
Redwood Rd @ 3634 S,3,0
8400 W / 2910 S,3,0
Redwood Rd @ 3670 S,3,0
State St @ 2588 S,3,0
State St @ 7725 S,3,0
2200 W @ 3853 S,3,0
3200 W / 4100 S,2,0
State St @ 8881 S,2,0
6200 S @ 4485 W,2,0
4500 S @ 1199 E,2,0
State St @ 6651 S,2,0
1700 E @ 2501 S,2,0
State St @ 8249 S,2,0
3500 S @ 1948 W,2,0
1700 S / Swaner Rd,2,0
Jimmy Doolittle Rd @ 346 N,2,0
1700 S @ 517 E,2,0
University St / South Temple,2,0
Vine St @ 79 W,2,0
UDOT Region Two,2,0
4500 S @ 1045 E,2,0
State St @ 8721 S,2,0
4700 S @ 5035 W,2,0
Beck St @ 915 N,2,0
1300 E @ 6375 S,2,0
Fort Union Blvd @ 1410 E,2,0
1000 E @ 7544 S,2,0
1700 S / Pioneer Rd,2,0
1700 E @ 2126 S,2,0
4000 W @ 5860 S,2,0
1300 E @ 4927 S,2,0
4100 S @ 4980 W,2,0
State St @ 8848 S,2,0
Dixie Dr @ 6778 S,2,0
Redwood Rd @ 7899 S,2,0
3900 S @ 2525 E,2,0
Fort Union Blvd @ 844 E,2,0
South Jordan Gateway @ 10428 S,2,0
3000 E @ 6967 S,2,0
Dixie Dr @ 6825 S,2,0
Redwood Rd @ 7210 S,2,0
Cougar Ln @ 6735 S,2,0
4800 W @ 4361 S,2,0
Fort Union Blvd @ 2748 E,2,0
1300 E @ 4618 S,2,0
Redwood Rd / Crystal Ridge Dr,2,0
State St @ 2354 S,2,0
Highland Dr @ 4565 S,2,0
4000 W @ 4288 S,2,0
5400 S / Appian Way,2,0
Cougar Ln @ 5576 S,2,0
2700 W @ 7795 S,2,0
1300 E @ 2680 S,2,0
State St @ 6895 S,2,0
Fort Union Blvd @ 1605 E,2,0
3300 S @ 3045 E,2,0
9000 S @ 3480 W,2,0
Little Cottonwood Rd @ 3125 E,2,0
4000 W @ 4206 S,2,0
2700 W @ 4521 S,2,0
1500 E @ 1381 S,2,0
State St @ 4721 S,2,0
2700 S @ 5520 W,2,0
Highland Dr @ 3020 S,2,0
Redwood Rd @ 2641 S,2,0
4015 W @ 5000 S,2,0
3900 S @ 985 E,2,0
4800 W @ 4115 S,2,0
Foothill Dr / Michigan Ave,2,0
1300 E @ 1078 S,2,0
Fort Union Blvd @ 1535 E,2,0
500 W @ 4609 S,2,0
Redwood Rd @ 3298 S,2,0
Cougar Ln @ 6007 S,2,0
Redwood Rd @ 1560 S,2,0
3900 S @ 630 E,2,0
900 W / Riley Cir,2,0
Highland Dr @ 2831 S,2,0
4100 S @ 3610 W,2,0
Redwood Rd / 7900 S,2,0
4700 S @ 3045 W,2,0
1700 S @ 9 W,2,0
State St @ 8631 S,2,0
4700 S @ 3050 W,2,0
Cougar Ln @ 6242 S,2,0
Redwood Rd @ 5230 S,2,0
2700 W @ 6245 S,2,0
Dixie Dr @ 6345 S,2,0
2000 E @ 2710 S,2,0
500 E / Burton Ave,2,0
1300 E @ 2466 S,2,0
300 W / 1830 S,2,0
1000 E @ 7415 S,2,0
7800 S @ 270 E,2,0
8400 W / Aleen Ave,2,0
South Jordan Pkwy @ 1667 W,2,0
5600 W / 4100 S,2,0
Foothill Dr @ 1250 S,2,0
Foothill Dr @ 1458 S,2,0
11400 S @ 1231 W,2,0
3300 S @ 2930 E,2,0
2200 W @ 4137 S,2,0
Richmond St @ 3010 S,2,0
Redwood Rd @ 9283 S,2,0
Highland Dr / 2100 S,2,0
Carlisle St @ 720 W,2,0
2700 S @ 1851 E,2,0
2700 W @ 5928 S,2,0
Murray Holladay Rd @ 2160 E,2,0
Highland Dr @ 5239 S,2,0
State St @ 8516 S,2,0
4015 W @ 5107 S,2,0
4015 W @ 5790 S,2,0
3300 S @ 2710 E,2,0
4100 S @ 4238 W,2,0
Dixie Dr @ 6394 S,2,0
Highland Dr @ 9145 S,2,0
Fort Union Blvd @ 1135 E,2,0
1300 E @ 1540 S,2,0
3900 S @ 184 E,2,0
4000 W @ 4267 S,2,0
2700 W @ 4726 S,2,0
Redwood Rd / Erickson Park Dr,2,0
4100 S @ 4395 W,2,0
9040 W / 2650 S,2,0
7000 S @ 4967 W,2,0
3rd Ave / R St,2,0
4715 S @ 4540 W,2,0
300 W / 600 N,2,0
2200 W @ 4254 S,2,0
Redwood Rd @ 7521 S,2,0
Highland Dr @ 4220 S,2,0
4100 S @ 4495 W,2,0
Northwest Ave @ 5383 S,2,0
2nd Ave / D St,2,0
900 E / Woodshire Ave,2,0
Highland Dr @ 6270 S,2,0
Fort Union Blvd @ 715 E,2,0
3900 S @ 2829 E,2,0
1300 E @ 5185 S,2,0
3200 W @ 3780 S,2,0
State St @ 8360 S,2,0
3100 S / Cyprus Ln,2,0
4100 S @ 4528 W,2,0
3500 S @ 1575 W,2,0
3600 W / 2400 S,2,0
Fort Union Blvd @ 1701 E,2,0
2300 E @ 4550 S,2,0
Redwood Rd / Bora Bora Dr / Drake L,2,0
Wasatch Blvd @ 4005 S,2,0
Redwood Rd @ 8220 S,2,0
4100 S @ 5171 W,2,0
Highland Dr @ 3525 S,2,0
3600 W / 2450 S,2,0
3100 S @ 3157 W,2,0
1700 S @ 1264 E,2,0
1300 E @ 3643 S,2,0
1700 S @ 1079 E,2,0
4700 S @ 5040 W,2,0
5600 W @ 4677 S,2,0
Clernates Dr @ 6494 S,2,0
700 N / Riverside Dr,2,0
Highland Dr @ 2790 S,2,0
Magna Senior Center,2,0
Foothill Dr / 2100 E,2,0
Jordan Landing Blvd / 7800 S NB,2,0
4500 S @ 2322 E,2,0
4100 S / 4000 W,2,0
1700 S @ 1488 E,2,0
3100 S @ 3941 W,2,0
3900 S @ 1377 E,2,0
Wasatch Blvd @ 4305 S,2,0
1500 E @ 1429 S,2,0
3100 S @ 2801 W,2,0
7800 S @ 567 E,2,0
Redwood Rd @ 4935 S,2,0
4800 W @ 4505 S,2,0
4800 W @ 4688 S,2,0
Pieper Blvd @ 5111 S,2,0
Westsams Blvd @ 4896 S,2,0
7800 S @ 170 E,2,0
Jordan Landing Blvd @ 7321 S,2,0
4700 S @ 2821 W,2,0
Silver Lake / Brighton Store (Up),2,0
8400 W / 3410 S,2,0
2000 E @ 3207 S,2,0
North Frontage Rd / 2900 W,2,0
4100 S @ 4179 W,2,0
1300 E @ 4085 S,2,0
2700 W @ 5283 S,2,0
Fort Union Blvd @ 1860 E,2,0
1300 E @ 6775 S,2,0
4100 S @ 5206 W,2,0
4700 S @ 4622 W,2,0
Chipeta Way / 450 S,2,0
Cottonwood Pkwy @ 2890 E,2,0
3500 S / Celebration Dr,2,0
Wakara Way / Chipeta Dr,2,0
3900 S @ 1396 E,2,0
3600 W / 3250 S,2,0
Winchester St / Jefferson St,2,0
7000 S @ 5153 W,2,0
State St @ 5500 S,1,0
1300 W @ 6500 S,1,0
4100 S @ 5400 W,1,0
Redwood Rd @ 8347 S,1,0
4100 S @ 4412 W,1,0
4000 W @ 3961 S,1,0
Grizzly Way @ 7381 S,1,0
2300 E @ 4001 S,1,0
State St @ 7434 S,1,0
Cougar Ln @ 6307 S,1,0
1300 E @ 3487 S,1,0
5400 S / Rockford St,1,0
4100 S @ 3330 W,1,0
State St @ 5980 S,1,0
1700 S @ 90 W,1,0
3200 W @ 3837 S,1,0
Fort Union Blvd @ 2109 E,1,0
Centennial Pkwy @ 10115 S,1,0
Redwood Rd / 6600 S,1,0
State St @ 9044 S,1,0
1500 E @ 1305 S,1,0
2700 W @ 7520 S,1,0
4100 S @ 3477 W,1,0
Cougar Ln @ 6872 S,1,0
4800 W @ 3485 S,1,0
Highland Dr @ 3401 S,1,0
4000 W @ 7860 S,1,0
Highland Dr @ 2858 S,1,0
2100 S / 1260 W,1,0
Redwood Rd @ 4930 S,1,0
Fort Union Blvd @ 1857 E,1,0
300 W / Gregson Ave,1,0
2300 E @ 3918 S,1,0
1300 E @ 6535 S,1,0
2300 E @ 3378 S,1,0
Highland Dr @ 3795 S,1,0
400 S @ 1061 W,1,0
3100 S @ 4381 W,1,0
Fort Union Blvd @ 2477 E,1,0
4000 W @ 8055 S,1,0
3500 S @ 1405 W,1,0
4500 S @ 3101 E,1,0
2100 S / 1075 W,1,0
Grizzly Way @ 7761 S,1,0
Redwood Rd / 4350 S,1,0
4800 W @ 3668 S,1,0
4700 S @ 3400 W,1,0
4100 S @ 3470 W,1,0
State St @ 6548 S,1,0
Dixie Dr @ 6868 S,1,0
Highland Dr @ 2940 S,1,0
Fort Union Blvd @ 220 E,1,0
Highland Dr @ 8052 S,1,0
Highland Dr @ 5451 S,1,0
2700 S / McClelland St,1,0
1730 S @ 5381 W,1,0
6200 S @ 3363 W,1,0
Foothill Dr @ 2050 S,1,0
500 E / Stanley Ave,1,0
State St @ Winchester St,1,0
4980 W @ 4869 S,1,0
Highland Dr / 2700 S,1,0
Grizzly Way @ 8731 S,1,0
1700 E @ 1855 S,1,0
3100 S @ 3335 W,1,0
3500 S @ 1953 W,1,0
Redwood Rd @ 1001 S,1,0
1300 E @ 4084 S,1,0
Redwood Rd / 1000 S,1,0
300 W / 1700 S,1,0
Dixie Dr @ 6348 S,1,0
1100 E @ 1157 S,1,0
1300 E @ 4970 S,1,0
2300 E @ 3470 S,1,0
Holladay Blvd @ 4730 S,1,0
3300 S @ 1095 W,1,0
2000 E @ 3079 S,1,0
1300 E @ 4845 S,1,0
Grizzly Way @ 7366 S,1,0
1300 E @ 6725 S,1,0
3200 W @ 3887 S,1,0
9000 S @ 5167 W,1,0
3500 S @ 1530 W,1,0
Silver Fork Lodge (Up),1,0
Foothill Dr @ 1925 S,1,0
Fort Union Blvd @ 221 E,1,0
3200 W @ 3518 S,1,0
1700 S @ 271 W,1,0
River Front Pkwy @ 10996 S,1,0
Highland Dr / Simpson Ave,1,0
3300 S @ 2102 E,1,0
Highland Dr @ 3128 S,1,0
4500 S @ 2411 E,1,0
4800 W @ 4068 S,1,0
3200 W / 4060 S,1,0
Constitutional Blvd @ 3779 S,1,0
1300 E @ 5455 S,1,0
Redwood Rd @ 4272 S,1,0
3900 S @ 1881 E,1,0
1500 E @ 1298 S,1,0
2000 E @ 2831 S,1,0
Vine St @ 61 E,1,0
4700 S @ 1546 W,1,0
1300 E @ 1418 S,1,0
Highland Dr @ 4050 S,1,0
2300 E @ 3998 S,1,0
River Front Pkwy @ 10635 S,1,0
1300 E @ 4152 S,1,0
North Temple @ 1458 W,1,0
Redwood Rd @ 934 S,1,0
3900 S @ 810 E,1,0
2700 W @ 4184 S,1,0
Redwood Rd @ 7389 S,1,0
GRIZZLY WAY @ 8461 S,1,0
900 W @ 3340 S,1,0
Beck Street @ 1778 N,1,0
Beck St @ 1000 N,1,0
1300 E @ 5158 S,1,0
Winchester Dr @ 722 W,1,0
Jordan Gateway / 10000 S,1,0
1000 E @ 7665 S,1,0
4500 S @ 1004 E,1,0
Winchester Dr @ 1198 W,1,0
Wasatch Blvd @ 4470 S,1,0
900 W @ 3425 S,1,0
2200 W @ 4321 S,1,0
10000 S / State St,1,0
1900 E @ 1435 S,1,0
Amelia Earhart Dr @ 5243 W,1,0
4800 W @ 4360 S,1,0
400 S @ 1234 W,1,0
River Front Pkwy @ 10749 S,1,0
9000 S @ 3784 W,1,0
Balsa Ave @ 5523 W,1,0
Foothill Dr / VA Building 2,1,0
University Village West,1,0
3300 S @ 3128 E,1,0
1300 E @ 5250 S,1,0
4000 W @ 3720 S,1,0
State St @ 5685 S,1,0
1900 E @ 1619 S,1,0
4000 W @ 3535 S,1,0
1100 E @ 909 S,1,0
1500 E @ 1151 S,1,0
Dixie Dr @ 6383 S,1,0
4800 W @ 4053 S,1,0
Constitution Blvd @ 2770 S,1,0
2700 W @ 7810 S,1,0
4000 W @ 3936 S,1,0
1300 E @ 3824 S,1,0
Fort Union Blvd @ 486 E,1,0
Murray Holladay Rd @ 1910 E,1,0
River Front Pkwy @ 10995 S,1,0
Temple Drive @ 10474 S,1,0
1300 E @ 1876 S,1,0
4100 S / 3600 W,1,0
4000 W @ 3675 S,1,0
1900 E @ 1558 S,1,0
Pieper Blvd @ 5187 S,1,0
3900 S @ 2947 E,1,0
3300 S @ 1590 E,1,0
2300 E @ 3375 S,1,0
10000 S / Monroe St,1,0
Redwood Rd @ 8914 S,1,0
4700 S @ 5276 W,1,0
4100 S @ 3341 W,1,0
Foothill Dr @ 1720 S,1,0
1700 E @ 1709 S,1,0
4100 S / 4800 W,1,0
1300 E @ 4450 S,1,0
1500 E @ 1569 S,1,0
900 E / 6400 S,1,0
Wasatch Blvd @ 3990 S,1,0
State St @ 9438 S,1,0
1900 E @ 1119 S,1,0
3300 S @ 1848 E,1,0
Wasatch Blvd @ 4280 S,1,0
Pioneer Rd @ 1381 S,1,0
STATE ST @ 7782 S,1,0
Foothill Dr @ 1810 S,1,0
3300 S @ 3422 E,1,0
4100 S @ 3855 W,1,0
Redwood Rd @ 4998 S,1,0
400 W / 200 N,1,0
7800 S @ 435 E,1,0
Cougar Ln @ 5815 S,1,0
Dixie Dr @ 6687 S,1,0
4700 S @ 1305 W,1,0
Murray Holladay Rd @ 2248 E,1,0
3300 S @ 1585 E,1,0
4000 W @ 8260 S,1,0
7800 S @ 845 E,1,0
9000 S @ 3690 W,1,0
1300 E @ 5960 S,1,0
2200 W @ 4215 S,1,0
400 S @ 1001 W,1,0
3300 S @ 3174 E,1,0
5600 W @ 4307 S,1,0
3600 W / 2270 S,1,0
Carlisle St @ 750 W,1,0
Redwood Rd @ 9593 S,1,0
300 W @ 798 N,1,0
Murray Holladay Rd @ 1315 E,1,0
Cottonwood Pkwy @ 2985 E,1,0
3900 S @ 2722 E,1,0
State St @ 8003 S,1,0
5400 S / Bastile Dr,1,0
1700 E @ 2255 S,1,0
State St @ 9646 S,1,0
2100 S / 1045 W,1,0
Silver Fork Lodge (Down),1,0
1700 S @ 611 E,1,0
6200 S @ 4018 W,1,0
3300 S @ 2454 E,1,0
Winchester St / Malstrom Ln,1,0
1300 E @ 6808 S,1,0
6200 S @ 2685 W,1,0
4000 W @ 3857 S,1,0
300 W @ 870 N,1,0
900 E / 4200 S,1,0
Virginia St / 3rd Ave,1,0
3100 S @ 3821 W,1,0
700 E / 12300 S,1,0
1900 E @ 1450 S,1,0
2700 W @ 5410 S,1,0
1300 E @ 5570 S,1,0
Pioneer Rd / 700 E,1,0
Highland Dr. @ 7420 S,1,0
Amelia Earhart Dr @ 5610 W,1,0
6200 S @ 2278 W,1,0
9400 S @ 2150 E,1,0
3300 S @ 2465 E,1,0
3200 W / 3650 S,1,0
1500 E @ 1505 S,1,0
Redwood Rd @ 4366 S,1,0
1700 S @ 313 E,1,0
Richmond St @ 2904 S,1,0
State St @ 7337 S,1,0
4000 W @ 8570 S,1,0
Wright Brothers Dr @ 359 N,1,0
State St @ 7302 S,1,0
4000 W @ 8257 S,1,0
1700 E @ 2686 S,1,0
4800 W @ 4563 S,1,0
500 E / Penney Ave,1,0
Dixie Dr @ 6588 S,1,0
Highland Dr @ 7796 S,1,0
1300 E @ 4010 S,1,0
Highland Dr @ 5075 S,1,0
1730 S @ 4695 W,1,0
Redwood Rd / 4240 S,1,0
1700 E @ 1797 S,1,0
Redwood Rd @ 2911 S,1,0
9000 S @ 3705 W,1,0
Balsa Ave @ 5387 W,1,0
900 E / Zenith Ave,1,0
Highland Dr @ 3706 S,1,0
1900 E @ 901 S,1,0
Redwood Rd @ 4281 S,1,0
Pioneer Rd / Fort St,1,0
4700 S @ 5410 W,1,0
300 W @ 716 N,1,0
Redwood Rd @ 7636 S,1,0
1300 E @ 5941 S,1,0
3100 S @ 3940 W,1,0
1300 E @ 6120 S,1,0
4000 W @ 3850 S,1,0
Redwood Rd @ 6721 S,1,0
Highland Dr @ 3470 S,1,0
3500 S / Toolson Dr,1,0
Fort Union Blvd @ 1891 E,1,0
Redwood Rd / 950 S,1,0
4700 S @ 3687 W,1,0
Clernates Dr @ 6718 S,1,0
Foothill Dr @ 1350 S,1,0
2000 E @ 2741 S,1,0
6200 S @ 3501 W,1,0
6200 S @ 3150 W,1,0
4500 S @ 2926 E,1,0
7000 S @ 4846 W,1,0
South Jordan Pkwy @ 428 W,1,0
3300 S @ 1650 E,1,0
1700 E @ 2107 S,1,0
3300 S @ 2608 E,1,0
River Front Pkwy @ 10648 S,1,0
3500 S / Chatterleigh Dr,1,0
Northwest Ave @ 5384 S,1,0
Wright Brothers Dr @ 263 N,1,0
900 W @ 3420 S,1,0
Jordan Gateway / Ultradent Dr,1,0
2300 E @ 4551 S,1,0
3100 S @ 4150 W,1,0
900 E / Rowley Dr,1,0
Redwood Rd @ 4870 S,1,0
2700 W @ 4191 S,1,0
Redwood Rd. @ 4798 S,1,0
Fort Union Blvd @ 1811 E,1,0
4015 W @ 5138 S,1,0
Beck St @ 1005 N,1,0
3800 S @ 2520 W,1,0
4000 W @ 3782 S,1,0
2700 W @ 6971 S,1,0
Highland Dr @ 6360 S,1,0
Pieper Blvd @ 5024 S,1,0
2700 W @ 7531 S,1,0
Fort Union Blvd @ 2725 E,1,0
2700 W @ 5485 S,1,0
3100 S @ 2800 W,1,0
1300 E @ 4229 S,1,0
4700 S @ 3845 W,1,0
1000 E @ 7555 S,1,0
4800 W @ 4291 S,1,0
State St @ 5435 S,1,0
4100 S / 4400 W,0,0
300 W / 2100 S,0,0
300 W / Lucy Ave for 1300 S,0,0
4100 S / 5200 W,0,0
4500 S @ 1200 E,0,0
4100 S / 5400 W,0,0
1700 E @ 2005 S,0,0
Beck Street @ 1444 N,0,0
2300 E @ 4288 S,0,0
3200 W / 3900 S,0,0
Holladay Blvd @ 4962 S,0,0
4500 S @ 1098 E,0,0
2700 W @ 7346 S,0,0
North Temple @ 1009 W,0,0
Grizzly Way @ 7048 S,0,0
Clernates Dr @ 6473 S,0,0
Grizzly Way @ 7093 S,0,0
Parkway Blvd @ 2980 W,0,0
Virginia St / South Temple,0,0
9000 S @ 5156 W,0,0
Grizzly Way @ 8377 S,0,0
1730 S @ 4815 W,0,0
Grizzly Way @ 7980 S,0,0
Redwood Rd @ 7366 S,0,0
Holladay Blvd. @ 5160 S,0,0
3200 W / 3800 S,0,0
Reynolds Flat / North Fork (Down),0,0
4100 S / Falcon St,0,0
Wiley Post Way @ 5184 W,0,0
3000 E @ 6797 S,0,0
Amelia Earhart Dr @ 5401 W,0,0
Jordan Gateway @ 10575 S,0,0
4700 S @ 3850 W,0,0
1730 S @ 4488 W,0,0
2300 E @ 4185 S,0,0
Grizzly Way @ 7981 S,0,0
Cougar Ln @ 6016 S,0,0
1100 E / 1300 S,0,0
3900 S @ 2944 E,0,0
5600 W / 4500 S,0,0
Fort Union Blvd @ 2474 E,0,0
1300 E @ 5878 S,0,0
2700 W @ 6900 S,0,0
Pioneer Rd @ 1450 S,0,0
Wiley Post Way @ 5370 W,0,0
2700 W @ 4791 S,0,0
Grizzly Way @ 7224 S,0,0
Highland Dr @ 4350 S,0,0
Holladay Blvd @ 5881 S,0,0
3900 S @ 3290 E,0,0
Highland Dr @ 7220 S,0,0
400 S / Redwood Rd Near-side,0,0
3300 S @ 3008 E,0,0
Spruces (Down),0,0
2400 W @ 55 N,0,0
Centennial Pkwy @ 10048 S,0,0
4800 W @ 4251 S,0,0
3rd Ave / F St,0,0
California Ave @ 1602 W,0,0
State St @ 5680 S,0,0
Lake Park Blvd @ 4781 W,0,0
Billy Mitchell Rd @ 364 N,0,0
Fort Union Blvd @ 2258 E,0,0
North Temple @ 1193 W,0,0
1730 S @ 5077 W,0,0
State St @ 8718 S,0,0
1950 W / 200 N,0,0
6200 S / Wakefield Way,0,0
2100 S @ 1235 W,0,0
4800 W @ 3990 S,0,0
3200 W @ 3727 S,0,0
1700 S @ 1788 E,0,0
Redwood Rd @ 8739 S,0,0
1300 E @ 5354 S,0,0
Highland Dr @ 8620 S,0,0
400 S / 900 E for 900 East Stn,0,0
4980 W @ 4983 S,0,0
1300 E @ 4400 S,0,0
4100 S / Hopi Dr,0,0
Old Bingham Hwy @ 4362 W,0,0
4800 W @ 3701 S,0,0
1300 E @ 3640 S,0,0
Cougar Ln @ 6452 S,0,0
3900 S @ 2108 E,0,0
2400 S @ 3860 W,0,0
9400 S @ 1285 E,0,0
Temple Drive @ 11215 S,0,0
4800 W @ 3310 S,0,0
Redwood Rd @ 8205 S,0,0
Fort Union Blvd @ 1892 E,0,0
Jimmy Doolittle Rd @ 295 N,0,0
2400 W @ 20 S,0,0
Wiley Post Way @ 4815 W,0,0
7800 S @ 385 E,0,0
3000 E @ 6723 S,0,0
1300 E @ 4850 S,0,0
3100 S @ 3061 W,0,0
2000 E @ 2990 S,0,0
2700 W @ 8000 S,0,0
4700 S @ 1302 W,0,0
Redwood Rd @ 9836 S,0,0
Highland Dr @ 5704 S,0,0
4800 W @ 9049 S,0,0
River Front Pkwy @ 11220 S,0,0
River Front Pkwy @ 11309 S,0,0
Copper City Dr / Lodestone Ave,0,0
Arapeen Dr / Chipeta Way,0,0
California Ave @ 1645 W,0,0
Wiley Post Way @ 5067 W,0,0
Fort Union Blvd @ 589 E,0,0
Clernates Dr @ 6857 S,0,0
1300 E @ 3428 S,0,0
Harold Gatty Dr @ 4819 W,0,0
Constitution Blvd @ 3950 S,0,0
6200 S @ 3366 W,0,0
Redwood Rd @ 8770 S,0,0
4000 W @ 8140 S,0,0
Highland Dr @ 4670 S,0,0
1950 W / 150 N,0,0
2200 W @ 85 N,0,0
Temple Drive @ 10877 S,0,0
University Village East,0,0
1700 E @ 2498 S,0,0
California Ave @ 1861 W,0,0
1500 E @ 1640 S,0,0
1500 E @ 1080 S,0,0
Highland Dr @ 5238 S,0,0
1300 W @ 6471 S,0,0
Constitution Blvd @ 4124 S,0,0
Parkway Blvd @ 3143 W,0,0
9000 S @ 603 E,0,0
2700 W @ 4530 S,0,0
4800 W @ 3848 S,0,0
4800 W @ 4114 S,0,0
900 E / Silver Shadow Dr,0,0
State St @ 8110 S,0,0
California Ave @ 1862 W,0,0
Highland Dr / Stratford Ave,0,0
Fort Union Blvd @ 2868 E,0,0
Holladay Blvd. @ 5270 S,0,0
Bennion Blvd @ 2899 W,0,0
2700 W @ 6800 S,0,0
4800 W @ 3180 S,0,0
400 S / 600 E for Trolley Stn,0,0
Fort Union Blvd @ 2841 E,0,0
2300 E @ 4093 S,0,0
Foothill Dr @ 1568 S,0,0
1700 E @ 1884 S,0,0
Holladay Blvd @ 4963 S,0,0
1300 E @ 4940 S,0,0
2400 S @ 3865 W,0,0
1100 E / Kensington Ave,0,0
Amelia Earhart Dr @ 5191 W,0,0
4500 S @ 2706 E,0,0
6200 S @ 4226 W,0,0
Harold Gatty Dr @ 4959 W,0,0
3000 E @ 6518 S,0,0
Fort Union Blvd @ 2194 E,0,0
Cougar Ln @ 6314 S,0,0
Q street / 2nd Ave,0,0
2200 W @ 4621 S,0,0
4800 W @ 3845 S,0,0
1700 E @ 2224 S,0,0
1700 S @ 407 E,0,0
2700 W @ 5730 S,0,0
Sunnyside Ave @ 2134 E,0,0
1100 E @ 1078 S,0,0
Temple Drive @ 11055 S,0,0
4100 S @ 3758 W,0,0
1300 E @ 6538 S,0,0
State St @ 8266 S,0,0
Parkway Blvd @ 3150 W,0,0
River Front Pkwy @ 11221 S,0,0
Alabama Ave @ 3766 W,0,0
7800 S @ 948 E,0,0
6200 S @ 4662 W,0,0
4800 W @ 3790 S,0,0
Constitution Blvd @ 3830 S,0,0
Foothill Dr @ 1090 S,0,0
4800 W @ 3565 S,0,0
Clernates Dr @ 6399 S,0,0
3600 W / 2850 S,0,0
Redwood Rd @ 7335 S,0,0
1730 S @ 5396 W,0,0
Richmond St / Zenith Ave,0,0
4000 W @ 3779 S,0,0
3rd Ave / A St,0,0
7000 S @ 5138 W,0,0
Constitution Blvd @ 4031 S,0,0
5600 W @ 4401 S,0,0
3200 W / 3835 S,0,0
1900 E @ 991 S,0,0
North Temple St @ 2375 W,0,0
Holladay Blvd @ 5997 S,0,0
Highland Dr @ 3820 S,0,0
4000 W @ 4474 S,0,0
1900 E @ 1150 S,0,0
4800 W @ 4177 S,0,0
1300 E @ 6198 S,0,0
Holladay Blvd @ 5390 S,0,0
State St @ 7052 S,0,0
2100 S @ 1280 W,0,0
1525 E @ 901 S,0,0
1100 E / 900 S,0,0
400 S @ 1168 W,0,0
State St @ 5760 S,0,0
4500 S @ 2381 E,0,0
1900 E @ 886 S,0,0
Redwood Rd @ 7450 S,0,0
Little Cottonwood Rd @ 2593 E,0,0
2700 W @ 6549 S,0,0
State St @ 5311 S,0,0
4700 S @ 5201 W,0,0
3900 S @ 2232 E (LDS Church P&R Lot,0,0
Wiley Post Way @ 5070 W,0,0
3000 E @ 6950 S,0,0
4500 S @ 3064 E,0,0
Clernates Dr @ 6671 S,0,0
Balsa Ave @ 5560 W,0,0
Redwood Rd @ 10198 S,0,0
State St @ 7650 S,0,0
3850 W @ 2480 S,0,0
2700 W @ 7809 S,0,0
Highland Dr @ 5448 S,0,0
Highland Dr @ 5912 S,0,0
1300 E @ 3500 S,0,0
Holladay Blvd @ 4797 S,0,0
Billy Mitchell Rd @ 570 N,0,0
Holladay Blvd @ 5714 S,0,0
2300 E @ 3779 S,0,0
Peruvian Lodge (Up),0,0
Holladay Blvd @ 6100 S,0,0
5600 W / 4250 S,0,0
3500 S @ 4498 W,0,0
Redwood Rd @ 9412 S,0,0
North Temple @ 1293 W,0,0
Van Winkle Expy @ 6124 S,0,0
1900 E @ 1058 S,0,0
3380 W @ 8756 S,0,0
California Ave @ 2125 W,0,0
Highland Dr @ 5002 S,0,0
2000 E @ 3082 S,0,0
1100 E / Wilson Ave,0,0
4100 S / Bangerter Hwy,0,0
1900 E @ 1352 S,0,0
7800 S @ 109 E,0,0
3100 S @ 2928 W,0,0
3900 S @ 798 E,0,0
Grizzly Way @ 8916 S,0,0
3100 S @ 3486 W,0,0
4500 S @ 2790 E,0,0
1100 E / Harrison Ave,0,0
9000 S @ 4820 W,0,0
9000 S @ 632 E,0,0
1100 E / Yale Ave,0,0
4800 W @ 4286 S,0,0
1300 E @ 3758 S,0,0
1300 E @ 4240 S,0,0
North Temple @ 988 W,0,0
3900 S @ 599 E,0,0
7800 S @ 225 E,0,0
Murray Holladay Rd @ 1988 E,0,0
1730 S @ 5088 W,0,0
Lake Park Blvd @ 2473 S,0,0
9000 S @ 4841 W,0,0
4500 S @ 2578 E,0,0
Redwood Rd @ 6597 S ,0,0
4800 W @ 9253 S,0,0
2300 E @ 3780 S,0,0
Highland Dr @ 3534 S,0,0
4800 W @ 4506 S,0,0
State St @ 9345 S,0,0
Constitution Blvd @ 3939 S,0,0
Highland Dr @ 8291 S,0,0
4100 S / Bonniewood Dr,0,0
Lake Park Blvd @ 4788 W,0,0
Parkway Blvd @ 3500 W,0,0
1500 E @ 1378 S,0,0
Holladay Blvd @ 5385 S,0,0
Fort Union Blvd @ 594 E,0,0
2700 W @ 6694 S,0,0
Foothill Dr @ 2160 S,0,0
3rd Ave / D St,0,0
1300 E @ 5355 S,0,0
Main St / Edison Ave,0,0
3200 W @ 3990 S,0,0
2000 E @ 3166 S,0,0
3200 W @ 3850 S,0,0
9000 S @ 843 E,0,0
North Temple St @ 2160 W,0,0
Fort Union Blvd @ 1620 E,0,0
Pieper Blvd @ 5190 S,0,0
Redwood Rd @ 9304 S,0,0
2300 E @ 3630 S,0,0
4100 S / 5600 W,0,0
1300 E @ 5460 S,0,0
4800 W @ 3295 S,0,0
Copper City Dr / 5400 S,0,0
Temple Drive @ 10876 S,0,0
4700 S @ 3460 W,0,0
Dixie Dr @ 6702 S,0,0
Grizzly Way @ 8750 S,0,0
1500 E @ 1164 S,0,0
3900 S @ 994 E,0,0
Foothill Dr @ 1187 S,0,0
3100 S @ 3248 W,0,0
2700 W @ 5300 S,0,0
Fort Union Blvd @ 1212 E,0,0
Cougar Ln @ 6558 S,0,0
4100 S  / Bangerter Hwy,0,0
Jordan Gateway @ 10427 S,0,0
3100 S @ 4450 W,0,0
Fort Union Blvd @ 2545 E,0,0
Lake Park Blvd @ 4170 W,0,0
4500 S @ 2801 E,0,0
2300 E @ 4158 S,0,0
River Front Pkwy @ 10726 S,0,0
Amazon Fulfillment Center (W),0,0
Jimmy Doolittle Rd @ 565 N,0,0
Amelia Earhart Dr @ 5950 W,0,0
1900 E @ 986 S,0,0
Murray Holladay Rd @ 2102 E,0,0
Holladay Blvd @ 5451 S,0,0
North Temple St @ 2090 W,0,0
2700 W @ 4854 S,0,0
2700 W @ 5821 S,0,0
Constitution Blvd @ 2880 S,0,0
6200 S @ 3534 W,0,0
700 W @ 3469 S,0,0
Amelia Earhart Dr @ 5530 W,0,0
3900 S @ 2858 E,0,0
4100 S / 3650 W,0,0
2700 W @ 5901 S,0,0
3rd Ave / Virginia St,0,0
3200 W @ 3653 S,0,0
1500 E @ 1051 S,0,0
State St @ 5590 S,0,0
1300 W @ 6286 S,0,0
Harold Gatty Dr @ 5975 W,0,0
Winchester St @ 990 W,0,0
900 S / 200 W for 900 S Stn,0,0
Holladay Blvd @ 5571 S,0,0
4100 S / Charles Dr,0,0
1700 S @ 1799 E,0,0
2300 E @ 3545 S,0,0
Holladay Blvd. @ 4894 S,0,0
2700 W @ 5737 S,0,0
Redwood Rd @ 8662 S,0,0
Highland Dr @ 5719 S,0,0
3900 S @ 3080 E,0,0
Harold Gatty Dr @ 5825 W,0,0
Harold Gatty Dr @ 5705 W,0,0
Constitution Blvd @ 3803 S,0,0
4500 S @ 2498 E,0,0
Redwood Rd @ 6722 S,0,0
Amelia Earhart Dr @ 5850 W,0,0
Redwood Rd @ 8553 S,0,0
2300 E @ 3528 S,0,0
Redwood Rd @ 9570 S,0,0
Holladay Blvd @ 5772 S,0,0
4000 W @ 8070 S,0,0
3300 S @ 1890 E,0,0
4800 W @ 4180 S,0,0
Power Station,0,0
700 W @ 3494 S,0,0
Holladay Blvd @ 4814 S,0,0
Grizzly Way @ 8620 S,0,0
2700 S @ 1836 E,0,0
Wiley Post Way @ 4910 W,0,0
2700 S @ 5415 W,0,0
4800 W @ 4248 S,0,0
3500 S @ 1420 W,0,0
2300 E @ 4402 S,0,0
1900 E @ 1218 S,0,0
1100 E @ 991 S,0,0
1500 E @ 1568 S,0,0
Grizzly Way @ 7826 S,0,0
Highland Dr / Parkway Ave,0,0
4700 S @ 4721 W,0,0
1700 E @ 1794 S,0,0
7000 S @ 5305 W,0,0
1950 W @ 210 N,0,0
10000 S / Centennial Pkwy,0,0
2700 W @ 6387 S,0,0
Highland Dr @ 8902 S,0,0
Redwood Rd @ 521 S,0,0
3100 S @ 3078 W,0,0
6200 S @ 3052 W,0,0
North Temple St @ 2242 W,0,0
Parkway Blvd @ 2979 W,0,0
South Jordan Pkwy @ 1526 W,0,0
Highland Dr @ 6800 S,0,0
Foothill Dr @ 2015 S,0,0
Redwood Rd @ 9545 S,0,0
2700 W @ 5514 S,0,0
2000 E @ 3175 S,0,0
2000 E @ 2930 S,0,0
Fort Union Blvd @ 485 E,0,0
Vine St @ 74 W,0,0
Holladay Blvd @ 6002 S,0,0
4800 W @ 3120 S,0,0
5600 W / 4300 S,0,0
Centennial Pkwy @ 10152 S,0,0
1300 E @ 6430 S,0,0
3900 S @ 1498 E,0,0
Copper City Dr/Willingcott Way,0,0
Constitution Blvd @ 4083 S,0,0
2700 W @ 6210 S,0,0
3100 S @ 4610 W,0,0
1300 E @ 3588 S,0,0
Wiley Post Way @ 5183 W,0,0
1300 E @ 6295 S,0,0
1950 W @ 150 N,0,0
2700 W @ 6400 S,0,0
Virginia St / 2nd Ave,0,0
1500 E @ 1498 S,0,0
1700 E @ 1933 S,0,0
3rd Ave / C St,0,0
1300 E @ 3435 S,0,0
Redwood Rd @ 6618 S,0,0
9091 S @ 1098 E,0,0
2300 E @ 4080 S,0,0
4130 W @ 1775 S,0,0
3900 S @ 2022 E,0,0
Grizzly Way @ 8416 S,0,0
Constitution Blvd @ 2938 S,0,0
4800 W @ 3991 S,0,0
Fort Union Blvd @ 2140 E,0,0
1100 E @ 1148 S,0,0
Redwood Rd @ 9650 S,0,0
Redwood Rd @ 1052 S,0,0
1730 S @ 4598 W,0,0
Pioneer Rd @ 1675 S,0,0
900 E / 400 S for 900 East Stn,0,0
7000 S @ 5292 W,0,0
4800 W @ 3416 S,0,0
2700 W @ 6771 S,0,0
Holladay Blvd @ 5277 S,0,0
1700 S / Bennett Rd,0,0
4000 W @ 3621 S,0,0
1300 E @ 1419 S,0,0
5600 W / 4400 S,0,0
1100 E / Ramona Ave,0,0
Grizzly Way @ 7227 S,0,0
1730 S @ 4816 W,0,0
Highland Dr @ 4280 S,0,0
2700 W @ 4998 S,0,0
Redwood Rd @ 9176 S,0,0
Redwood Rd @ 9994 S,0,0
Cougar Ln @ 5846 S,0,0
Redwood Rd / Stardust Dr,0,0
2400 W @ 135 S,0,0
4700 S @ 3757 W,0,0
2000 E @ 2989 S,0,0
Lake Park Blvd @ 4171 W,0,0
Highland Dr @ 8350 S,0,0
Holladay Blvd @ 4833 S,0,0
7800 S @ 175 E,0,0
Holladay Blvd @ 6175 S,0,0
Dixie Dr @ 6952 S,0,0
Pioneer Rd @ 1507 S,0,0
Lake Park Blvd @ 2476 S,0,0
Spruces (Up),0,0
Grizzly Way @ 8292 S,0,0
Jordan Landing Blvd / Airport Cente,0,0
1700 E @ 1958 S,0,0
Wasatch Dr / Exploration Way,0,0
Redwood Rd @ 8655 S,0,0
2700 W @ 5075 S,0,0
4715 S @ 4295 W,0,0
3900 S @ 1880 E,0,0
Winchester St @ 1014 W,0,0
Foothill Dr @ 1520 S,0,0
Billy Mitchell Rd @ 456 N,0,0
2700 W @ 7022 S,0,0
Amelia Earhart Dr @ 5555 W,0,0
Highland Dr @ 5610 S,0,0
Grizzly Way @ 8873 S,0,0
2300 E @ 3431 S,0,0
6200 S @ 2652 W,0,0
3900 S @ 2484 E,0,0
2300 E @ 4279 S,0,0
Wiley Post Way @ 5290 W,0,0
900 E / Holly Ave,0,0
9400 S @ 2215 E,0,0
400 S / 550 E for Trolley Stn,0,0
South Jordan Pkwy @ 1523 W,0,0
1100 E / 1700 S,0,0
3850 W @ 2491 S,0,0
Temple Drive @ 11220 S,0,0
400 S @ 998 W,0,0
4800 W @ 3930 S,0,0
Wiley Post Way @ 5225 W,0,0
1300 E @ 4650 S,0,0
Redwood Rd @ 10102 S,0,0
Winchester Dr @ 716 W,0,0
Grizzly Way @ 8271 S,0,0
4100 S / Bluejay St,0,0
State St @ 3530 S,0,0
900 E / 4170 S,0,0
Lake Park Blvd @ 4256 W,0,0
Constitution Blvd @ 2915 S,0,0
3200 W / Whitehall Dr,0,0
11400 S @ 930 W,0,0
3300 S @ 2828 E,0,0
1500 E @ 1420 S,0,0
4800 W @ 3777 S,0,0
Fort Union Blvd @ 1810 E,0,0
1500 E @ 998 S,0,0
1100 E @ 1081 S,0,0
Holladay Blvd @ 5580 S,0,0
1100 E @ 978 S,0,0
2700 W @ 6683 S,0,0
2000 E @ 2939 S,0,0
1300 E @ 3593 S,0,0
Redwood Rd / 7400 S,0,0
1500 E @ 981 S,0,0
4000 W @ 8330 S,0,0
4000 W / 7800 S,0,0
Wiley Post Way @ 4905 W,0,0
6235 S @ 1370 W,0,0
Lake Park Blvd @ 4255 W,0,0
Fort Union Blvd @ 1720 E,0,0
Constitution Blvd @ 2726 S,0,0
3rd Ave / Canyon Rd,0,0
Cougar Ln @ 6746 S,0,0
3100 S @ 2931 W,0,0
4800 W @ 4570 S,0,0
4700 S @ 3698 W,0,0
3200 W / Wright Ln,0,0
Wasatch Blvd @ 4471 S,0,0
Arapeen Dr / 800 S,0,0
Redwood Rd @ 5178 S,0,0
2700 W @ 6102 S,0,0
300 W @ 3099 S,0,0
1900 E @ 1575 S,0,0
1000 E @ 7670 S,0,0
Winchester Dr @ 1208 W,0,0
Little Cottonwood Rd @ 2735 E,0,0
Redwood Rd @ 7546 S,0,0
6235 S @ 1354 W,0,0
1900 E @ 1632 S,0,0
Reynolds Flat / North Fork (Up),0,0
State St @ 9481 S,0,0
Temple Drive @ 10770 S,0,0
Holladay Blvd @ 5701 S,0,0
4700 S @ 4421 W,0,0
1900 E @ 1061 S,0,0
2300 E @ 3663 S,0,0
4500 S @ 2575 E,0,0
4700 S @ 4200 W,0,0
700 W @ 3565 S,0,0
2700 W @ 7243 S,0,0
State St @ 8028 S,0,0
Balsa Ave @ 5380 W,0,0
Highland Dr @ 9156 S,0,0
1700 E @ 1722 S,0,0
4800 W @ 3611 S,0,0
Parkway Blvd @ 3501 W,0,0
Constitution Blvd @ 2761 S,0,0
2300 E @ 3712 S,0,0
Redwood Rd @ 6418 S,0,0
4100 S / Acord Way,0,0
California Ave @ 2330 W,0,0
6200 S @ 3185 W,0,0
2700 W @ 6055 S,0,0
Temple Drive @ 11072 S,0,0
3100 S @ 3366 W,0,0
2700 W @ 6867 S,0,0
Lake Park Blvd @ 4647 W,0,0
Lake Park Blvd @ 4646 W,0,0
1900 E @ 1295 S,0,0
3000 E @ 6425 S,0,0
1300 E @ 6330 S,0,0
Redwood Rd @ 8576 S,0,0
1700 S @ 691 E,0,0
2400 W @ 1 S,0,0
2700 W @ 7997 S,0,0
Wiley Post Way @ 4860 W,0,0
Holladay Blvd @ 5930 S,0,0
2700 W @ 6538 S,0,0
2000 E @ 2828 S,0,0
Redwood Rd @ 9999 S,0,0
6200 S @ 4476 W,0,0
